"","X.zip.","X.ems.","lon","lat"
"1","10009","P.S. 015 Roberto Clemente",-73.9785786,40.72171
"2","10003","P.S. 019 Asher Levy",-73.9843928,40.7299276
"3","10002","P.S. 020 Anna Silver",-73.98661,40.7212594
"4","10009","P.S. 034 Franklin D. Roosevelt",-73.975197,40.7263972
"5","10009","The STAR Academy - P.S.63",-73.9863598,40.7244039
"6","10009","P.S. 064 Robert Simon",-73.9816527,40.7240249
"7","10002","P.S. 110 Florence Nightingale",-73.9799938,40.7152496
"8","10002","P.S. 134 Henrietta Szold",-73.982957,40.714283
"9","10002","P.S. 140 Nathan Straus",-73.9835869,40.7187166
"10","10002","P.S. 142 Amalia Castro",-73.9843442,40.7182478
"11","10002","P.S. 184m Shuang Wen",-73.9856822,40.7113459
"12","10002","P.S. 188 The Island School",-73.9773763,40.7198704
"13","10003","Technology, Arts, and Sciences Studio",-73.9843462,40.7298853
"14","10009","The East Village Community School",-73.9783818,40.7277257
"15","10002","University Neighborhood Middle School",-73.9860332,40.7134455
"16","10009","The Children's Workshop School",-73.9784711,40.7277873
"17","10009","Neighborhood School",-73.9863598,40.7244039
"18","10009","Earth School",-73.9816527,40.7240249
"19","10002","School for Global Leaders",-73.9859573,40.7201848
"20","10009","East Side Community School",-73.982502,40.7293824
"21","10002","New Explorations into Science, Technology and Math",-73.9797222,40.7191667
"22","10009","Tompkins Square Middle School",-73.9817633,40.7238456
"23","10038","P.S. 001 Alfred E. Smith",-73.9975292,40.7125892
"24","10002","P.S. 002 Meyer London",-73.9918405,40.7131567
"25","10014","P.S. 003 Charrette School",-74.0062363,40.732603
"26","10028","P.S. 006 Lillie D. Blake",-73.960337,40.7777376
"27","10011","P.S. 011 William T. Harris",-74.0006787,40.7442889
"28","10001","P.S. 033 Chelsea Prep",-73.9997506,40.7491174
"29","10003","P.S. 040 Augustus Saint-Gaudens",-73.9814251,40.7354641
"30","10011","P.S. 041 Greenwich Village",-73.9993065,40.7356219
"31","10002","P.S. 042 Benjamin Altman",-73.9908411,40.716136
"32","10036","P.S. 051 Elias Howe",-73.9954652,40.761483
"33","10022","P.S. 059 Beekman Hill International",-73.9666537,40.7591733
"34","10128","P.S. 77 Lower Lab School",-73.9499824,40.7847047
"35","10282","P.S. 89",-74.0137029,40.71703
"36","10010","J.H.S. 104 Simon Baruch",-73.9809827,40.7358197
"37","10019","P.S. 111 Adolph S. Ochs",-73.9895302,40.7657883
"38","10128","East Side Middle School",-73.9477599,40.7804728
"39","10016","P.S. 116 Mary Lindley Murray",-73.9776309,40.7444927
"40","10002","P.S. 124 Yung Wing",-73.9957561,40.7143209
"41","10038","P.S. 126 Jacob August Riis",-73.9967905,40.7105245
"42","10013","P.S. 130 Hernando De Soto",-73.9982932,40.7188536
"43","10002","M.S. 131",-73.9936997,40.71651
"44","11104","P.S. 150",-73.9234717,40.7455535
"45","10128","Yorkville Community School",-73.9473527,40.77786
"46","10075","P.S. 158 Bayard Taylor",-73.950907,40.7702539
"47","10021","J.H.S. 167 Robert F. Wagner",-73.9579065,40.7718855
"48","10075","Yorkville East Middle School",-73.9507299,40.770203
"49","10065","P.S. 183 Robert L. Stevenson",-73.9577588,40.7637622
"50","10128","P.S. 198 Isador E. Ida Straus",-73.9500179,40.7850045
"51","10036","P.S. 212 Midtown West",-73.9886547,40.7615351
"52","10044","P.S./I.S. 217 Roosevelt Island",-73.9484724,40.7639135
"53","10065","Ella Baker School",-73.9596307,40.7655549
"54","10007","P.S. 234 Independence School",-74.0116047,40.7160283
"55","10003","M.S. 255 Salk School of Science",-73.981432,40.7354652
"56","10003","M.S. 260 Clinton School Writers & Artists",-73.992405,40.736276
"57","10065","East Side Elementary School, PS 267",-73.963948,40.763929
"58","10004","Battery Park City School",-74.017735,40.706256
"59","20007","The River School",-77.0977067,38.9178205
"60","10282","I.S. 289",-74.0136225,40.7168673
"61","10028","P.S. 290 Manhattan New School",-73.9528356,40.7751576
"62","10014","M.S. 297",-74.0074039,40.731204
"63","10011","New York City Lab Middle School for Collaborative",-74.0023709,40.7425709
"64","10038","The Peck Slip School",-74.001928,40.7086029
"65","10010","The 47 American Sign Language & English Lower Scho",-73.9812096,40.7382609
"66","98101","Spruce Street School",-122.3352999,47.6168789
"67","10003","Institute for Collaborative Education",-73.9825764,40.7326759
"68","10036","Professional Performing Arts High School",-73.9884908,40.7615598
"69","10010","School of the Future High School",-73.9853658,40.7390867
"70","10011","Quest to Learn",-74.0025475,40.7433678
"71","10003","Ballet Tech, NYC Public School for Dance",-73.9894855,40.7385401
"72","10128","P.S. 527 - East Side School for Social Action",-73.9479435,40.7805633
"73","10128","Life Sciences Secondary School",-73.9459371,40.7832825
"74","10004","Lower Manhattan Community Middle School",-74.0129456,40.7053252
"75","10019","City Knoll Middle School",-73.9897148,40.7660107
"76","10024","P.S. 009 Sarah Anderson",-73.9738667,40.785101
"77","10025","J.H.S. 054 Booker T. Washington",-73.9626588,40.8006968
"78","10025","P.S. 075 Emily Dickinson",-73.973637,40.7950342
"79","10027","P.S. 076 A. Philip Randolph",-73.9513683,40.8065406
"80","10025","P.S. 084 Lillian Weber",-73.967988,40.7893842
"81","10024","P.S. 087 William Sherman",-73.9778277,40.781867
"82","10025","P.S. 145, The Bloomingdale School",-73.9653592,40.79909
"83","10026","P.S. 149 Sojourner Truth",-73.9481659,40.8023813
"84","10025","P.S. 163 Alfred E. Smith",-73.9684479,40.7948887
"85","10025","P.S. 165 Robert E. Simon",-73.96595,40.802678
"86","10024","P.S. 166 The Richard Rodgers School of The Arts an",-73.9724552,40.788883
"87","10027","P.S. 180 Hugo Newman",-73.9560048,40.8079246
"88","10023","The Riverside School for Makers and Artists",-73.9900988,40.7728095
"89","10023","P.S. 199 Jessie Isador Straus",-73.9847365,40.7777661
"90","10026","The Alain L. Locke Magnet School for Environmental",-73.9503528,40.7982373
"91","10026","STEM Institute of Manhattan",-73.9552947,40.8016506
"92","10027","P.S. 242 - The Young Diplomats Magnet Academy",-73.9483347,40.8061739
"93","10024","M.S. 243 Center School",-73.9737516,40.7850013
"94","10024","M.S. M245 The Computer School",-73.9777601,40.7809964
"95","10024","M.S. M247 Dual Language Middle School",-73.977713,40.781031
"96","10025","M.S. 250 West Side Collaborative Middle School",-73.9739578,40.7952089
"97","94549","Lafayette Academy",-122.1093912,37.8940421
"98","10025","Community Action School - MS 258",-73.9709183,40.7914683
"99","10023","West End Secondary School",-73.9882753,40.7724358
"100","10025","P.S. 333 Manhattan School for Children",-73.9710706,40.7913568
"101","10024","The Anderson School",-73.9777227,40.7809326
"102","10026","Wadleigh Secondary School for the Performing & Vis",-73.9541403,40.8025744
"103","89106","West Prep Academy",-115.1666361,36.1937979
"104","10023","P.S. 452",-73.987663,40.771963
"105","10023","Special Music School",-73.9831573,40.7752064
"106","10026","Frederick Douglass Academy II Secondary School",-73.9541214,40.8025691
"107","10025","Mott Hall II",-73.9661354,40.80288
"108","10035","P.S. 007 Samuel Stern",-73.939617,40.8009638
"109","10029","Tag Young Scholars",-73.9417246,40.7924857
"110","10035","River East Elementary",-73.9335415,40.7991505
"111","10029","P.S. 38 Roberto Clemente",-73.9447655,40.7886837
"112","10029","P.S. 050 Vito Marcantonio",-73.940784,40.7856665
"113","32254","James Weldon Johnson",-81.7241991,30.3433125
"114","10029","The Lexington Academy",-73.9474149,40.7913911
"115","10029","P.S. 083 Luis Munoz Rivera",-73.9418125,40.7931298
"116","10035","P.S. 096 Joseph Lanzetta",-73.9373659,40.8000808
"117","10029","P.S. 102 Jacques Cartier",-73.9383555,40.7948658
"118","10029","P.S. 108 Assemblyman Angelo Del Toro Educational C",-73.9478722,40.7950349
"119","10029","P.S. 146 Ann M. Short",-73.9388211,40.7894561
"120","10035","P.S. 155 William Paca",-73.9361434,40.7975166
"121","10029","P.S. 171 Patrick Henry",-73.9514673,40.7923195
"122","10029","The Bilingual Bicultural School",-73.9425762,40.7933109
"123","10035","P.S. 206 Jose Celso Barbosa",-73.9302216,40.7970528
"124","10029","M.S. 224 Manhattan East School for Arts & Academic",-73.9421608,40.785168
"125","10029","Esperanza Preparatory Academy",-73.9421359,40.792727
"126","10029","Mosaic Preparatory Academy",-73.9448364,40.7960167
"127",NA,"Renaissance School of the Arts",-80.5157807,43.4891809
"128","10035","Global Technology Preparatory",-73.9393232,40.8007951
"129","10029","Central Park East I",-73.9491583,40.7936899
"130","75051","Young Women's Leadership School",-96.988641,32.722019
"131","10029","Isaac Newton Middle School for Math & Science",-73.9329052,40.7940732
"132","10029","Central Park East II",-73.9407279,40.7857678
"133","10035","P.S. 030 Hernandez/Hughes",-73.9354597,40.8056551
"134","10027","P.S. 036 Margaret Douglas",-73.9575914,40.8105805
"135","10039","P.S. 046 Arthur Tappan",-73.9360061,40.8316292
"136","10030","P.S. 092 Mary McLeod Bethune",-73.9455558,40.815109
"137","10030","P.S. 123 Mahalia Jackson",-73.944486,40.820165
"138","10027","P.S. 125 Ralph Bunche",-73.9562607,40.8107532
"139","10027","P.S. 129 John H. Finley",-73.952222,40.815
"140","10037","P.S. 133 Fred R Moore",-73.9392427,40.8098587
"141","10030","Eagle Academy for Young Men of Harlem",-73.9473384,40.8173221
"142","10027","P.S. 154 Harriet Tubman",-73.9487117,40.81047
"143","10027","P.S. 161 Pedro Albizu Campos",-73.9524683,40.8177552
"144","10030","P.S. 175 Henry H Garnet",-73.9428696,40.81421
"145","10030","P.S. 194 Countee Cullen",-73.9407713,40.8212594
"146","10037","P.S. 197 John B. Russwurm",-73.9376211,40.8131252
"147","10039","P.S. 200- The James Mccune Smith School",-73.9365214,40.8247219
"148","10027","Urban Assembly Academy for Future Leaders",-73.9556511,40.8156303
"149","10030","KAPPA IV",-73.9473723,40.8174583
"150","10039","Thurgood Marshall Academy Lower School",-73.9379587,40.8259397
"151","10027","Columbia Secondary School",-73.956061,40.810687
"152","10039","Frederick Douglass Academy",-73.9365449,40.8243982
"153","10031","New Design Middle School",-73.9567465,40.8197016
"154","10027","Teachers College Community School",-73.9535404,40.8125165
"155","10030","Thurgood Marshall Academy for Learning and Social",-73.9443209,40.8152252
"156","10032","P.S. 004 Duke Ellington",-73.9412036,40.8348474
"157","10034","P.S. 005 Ellen Lurie",-73.9224277,40.8589195
"158","10032","P.S. 008 Luis Belliard",-73.9369192,40.8393341
"159","10034","P.S. 018 Park Terrace",-73.9115093,40.871664
"160","10032","P.S. 028 Wright Brothers",-73.9426622,40.8316992
"161","10033","P.S. 048 P.O. Michael J. Buczek",-73.9337765,40.8533608
"162","10034","J.H.S. 052 Inwood",-73.9247582,40.8656378
"163","10034","P.S. 098 Shorac Kappock",-73.9176682,40.86793
"164","10033","Dos Puentes Elementary School",-73.9341774,40.8506509
"165","10033","P.S. 115 Alexander Humboldt",-73.9351439,40.8461336
"166","10032","P.S. 128 Audubon",-73.93862,40.8409879
"167","10033","P.S. 132 Juan Pablo Duarte",-73.9340022,40.8508088
"168","10033","J.H.S. 143 Eleanor Roosevelt",-73.9309984,40.8492121
"169","10040","P.S. 152 Dyckman Valley",-73.9277953,40.8601744
"170","10031","P.S. 153 Adam Clayton Powell",-73.9471366,40.8262008
"171","10033","P.S. 173",-73.9400804,40.845562
"172","10040","Professor Juan Bosch Public School",-73.9279633,40.8593724
"173","10040","P.S./I.S. 187 Hudson Cliffs",-73.9372077,40.8561141
"174","10040","P.S. 189",-73.9279992,40.8530906
"175","10031","P.S. 192 Jacob H. Schiff",-73.9535055,40.820464
"176","10031","Hamilton Grange Middle School",-73.9530543,40.821053
"177","10031","P.S./I.S. 210 - Twenty-first Century Academy for C",-73.9446436,40.8299805
"178","10040","I.S. 218 Salome Urena",-73.9301716,40.8609569
"179","10027","The Mott Hall School",-73.9526374,40.8157428
"180","10034","Paula Hedbavny School",-73.9123372,40.8715667
"181","10040","City College Academy of the Arts",-73.9301494,40.8608456
"182","10034","Amistad Dual Language School",-73.9238886,40.8666157
"183","10034","Muscota",-73.9238182,40.8665218
"184","10032","M.S. 319 - Maria Teresa",-73.9357677,40.8394126
"185","10040","Middle School 322",-73.9300119,40.8608344
"186","10032","M.S. 324 - Patria Mirabal",-73.9357719,40.8394084
"187","10032","Community Math & Science Prep",-73.9369832,40.8370405
"188","10032","Community Health Academy of the Heights",-73.9422627,40.8336419
"189","10033","Washington Heights Expeditionary Learning School",-73.9310992,40.8491088
"190","75032","Harbor Heights",-96.4758278,32.8939913
"191","10034","Washington Heights Academy",-73.9216022,40.8655733
"192","46030","Hamilton Heights School",-86.0266502,40.1759908
"193","10032","Castle Bridge School",-73.9387553,40.8410253
"194","10033","I.S. 528 Bea Fuller Rodgers School",-73.9346974,40.8506755
"195","10451","P.S. 001 Courtlandt School",-73.9194097,40.8191007
"196","10455","P.S. 5 Port Morris",-73.908689,40.8135612
"197","10451","P.S. 018 John Peter Zenger",-73.9229205,40.816462
"198","10455","P.S. 025 Bilingual School",-73.9056831,40.8127342
"199","10451","P.S./M.S. 029 Melrose School",-73.9169724,40.8214439
"200","10454","P.S. 030 Wilton",-73.9178871,40.8091669
"201","10451","P.S./M.S. 031 The William Lloyd Garrison",-73.921389,40.8226524
"202","10454","P.S. 043 Jonas Bronck",-73.9214243,40.8064193
"203","10454","P.S. 049 Willis Avenue",-73.9226177,40.8104968
"204","10454","P.S. 065 Mother Hale Academy",-73.912743,40.8076622
"205","10451","J.H.S. 151 Lou Gehrig",-73.9216284,40.8225886
"206","10454","P.S. 154 Jonathan D. Hyatt",-73.9257606,40.8082438
"207","10456","P.S. 157 Grove Hill",-73.9091997,40.8193893
"208","10455","P.S. 161 Juan Ponce De Leon School",-73.9054424,40.8144412
"209","11218","P.S. 179",-73.9773047,40.6402852
"210","10454","South Bronx Preparatory: A College Board School",-73.9206428,40.8137231
"211","10454","The Laboratory School of Finance and Technology: X",-73.920879,40.813829
"212","10454","P.S./I.S. 224",-73.9186219,40.8101969
"213","10455","P.S. 277",-73.913666,40.8133349
"214","10456","South Bronx Academy for Applied Media",-73.9054616,40.8186563
"215","10456","Academy of Public Relations",-73.9055944,40.8188361
"216","10454","Academy of Applied Mathematics and Technology",-73.9178499,40.809942
"217","10451","Concourse Village Elementary School",-73.9230993,40.8231344
"218","10454","Young Leaders Elementary School",-73.919896,40.8094246
"219","10455","Hostos-Lincoln Academy of Science",-73.9120401,40.8145714
"220","10451","The Urban Assembly Bronx Academy of Letters",-73.925999,40.81366
"221","10455","I.S. 584",-73.9123068,40.8145265
"222","10454","P.S. X014 Senator John Calandra",-73.8258478,40.8352246
"223","10472","P.S. 036 Unionport",-73.849749,40.829446
"224","10474","P.S. 048 Joseph R. Drake",-73.8867312,40.8141432
"225","10455","P.S. 062 Inocensio Casanova",-73.9003187,40.8138836
"226","10473","P.S. 069 Journey Prep School",-73.8605931,40.8168264
"227","10461","P.S. 071 Rose E. Scala",-73.8296644,40.8455203
"228","10465","P.S. 072 Dr. William Dorney",-73.8180332,40.8229636
"229","10459","P.S. 75 School of Research and Discovery",-73.88896,40.82229
"230","10473","P.S. 093 Albert G. Oliver",-73.8776219,40.8232537
"231","10473","P.S. 100 Isaac Clason",-73.8626223,40.8220209
"232","10465","M.S. X101 Edward R. Byrne",-73.8296157,40.8271107
"233","11215","P.S. 107",-73.9810883,40.6630204
"234","10472","The Dr. Emmett W. Bassett School",-73.8569802,40.8285373
"235","10472","J.H.S. 123 James M. Kieran",-73.8739047,40.8249888
"236","10472","J.H.S. 125 Henry Hudson",-73.8567829,40.8294144
"237","10455","P.S. 130 Abram Stevens Hewitt",-73.902206,40.8176453
"238","10473","J.H.S. 131 Albert Einstein",-73.8599713,40.8238832
"239","10473","P.S. 138 Samuel Randall",-73.8526565,40.8224024
"240","10456","P.S. X140 The Eagle School",-73.9077883,40.8233609
"241","10456","P.S. 146 Edward Collins",-73.9055778,40.8251407
"242","10472","P.S. 152 Evergreen",-73.8804665,40.8237915
"243","11432","P.S. 182",-73.8030945,40.7066306
"244","10459","Bronx Studio School for Writers and Artists",-73.8929382,40.8203983
"245","10456","M.S. 301 Paul L. Dunbar",-73.9068006,40.8224195
"246","10455","M.S. 302 Luisa Dessus Cruz",-73.9016604,40.8156753
"247","10465","P.S. 304 Early Childhood School",-73.8292124,40.8272139
"248","10459","The Longwood Academy of Discovery",-73.8986342,40.8201293
"249","10472","The School for Inquiry and Social Justice",-73.8735173,40.8248835
"250","10473","Archimedes Academy for Math, Science and Technolog",-73.8560261,40.8149051
"251","10465","Urban Institute of Mathematics",-73.8186564,40.8270425
"252","10473","The Bronx Mathematics Preparatory School",-73.8560177,40.8150174
"253","10473","Antonia Pantoja Preparatory Academy: A College Boa",-73.8556869,40.8214002
"254","10474","The Hunts Point School",-73.8855307,40.8155695
"255","10473","Soundview Academy for Culture and Scholarship",-73.8599108,40.8232821
"256","10465","Mott Hall Community School",-73.8180749,40.826777
"257","10472","Blueprint Middle School",-73.8569104,40.8291079
"258","10457","P.S./M.S. 004 Crotona Park West",-73.8982611,40.841139
"259","10452","P.S. 011 Highbridge",-73.92579,40.8397742
"260","10456","J.H.S. 022 Jordan L. Mott",-73.9139387,40.8324496
"261","10457","P.S. 028 Mount Hope",-73.9036644,40.8483274
"262","10451","P.S. 035 Franz Siegel",-73.917933,40.8275587
"263","10457","P.S. 042 Claremont",-73.9030255,40.8385594
"264","10456","P.S. 053 Basheer Quisim",-73.9118447,40.8327799
"265","10456","P.S. 055 Benjamin Franklin",-73.9049013,40.8360711
"266","11231","P.S. 058",-73.9956274,40.6804389
"267","10456","P.S. 063 Author's Academy",-73.9021329,40.8310072
"268","10457","P.S. 070 Max Schoenfeld",-73.9078402,40.844387
"269","10452","P.S. 073 Bronx",-73.9265564,40.832616
"270","10453","P.S. 109 Sedgwick",-73.918482,40.8516382
"271","10456","P.S. 110 Theodore Schoenfeld",-73.9012437,40.8351606
"272","10452","P.S. X114 - Luis Llorens Torres Schools",-73.9231936,40.8348476
"273","10453","I.S. 117 Joseph H. Wade",-73.9086164,40.8484447
"274","10452","P.S. 126 Dr Marjorie H Dunbar",-73.9283851,40.8360666
"275","10456","Mott Hall III",-73.9005553,40.8350506
"276","10456","P.S. 132 Garret A. Morgan",-73.907011,40.8320381
"277","10457","P.S. 163 Arthur A. Schomburg",-73.8987854,40.8517868
"278","10452","P.S. 199X - The Shakespeare School",-73.9207857,40.8434803
"279","10457","P.S. 204 Morris Heights",-73.892395,40.8485715
"280","74104","Kappa",-95.962914,36.140863
"281","10452","P.S./I.S. 218 Rafael Hernandez Dual Language Magne",-73.9198301,40.8355576
"282","10456","I.S. 219 New Venture School",-73.9038894,40.8338896
"283","10453","I.S. 229 Roland Patterson",-73.920697,40.8531511
"284","10457","Eagle Academy for Young Men",-73.897176,40.845264
"285","10453","I.S. 232",-73.915653,40.8493122
"286","10453","P.S. 236 Langston Hughes",-73.9096988,40.8488255
"287","10457","Urban Assembly School for Applied Math and Science",-73.9018947,40.8394571
"288","10453","The New American Academy at Roberto Clemente State",-73.9210321,40.8528519
"289","10452","The Walton Avenue School",-73.9157164,40.8403661
"290","10453","I.S. X303 Leadership & Community Service",-73.915653,40.8493122
"291","10452","Lucero Elementary School",-73.9157211,40.8403563
"292","10457","I.S. 313 School of Leadership Development",-73.9041938,40.8406241
"293","10456","Bronx Writing Academy",-73.9139388,40.8324496
"294","10456","Bronx Early College Academy for Teaching & Learnin",-73.9175579,40.8281781
"295","02132","Urban Science Academy",-71.174083,42.2820359
"296","10452","Comprehensive Model School Project M.S. 327",-73.9160047,40.8432195
"297","10456","New Millennium Business Academy Middle School",-73.9138569,40.8277404
"298","10457","I.S. 339",-73.9042382,40.8406704
"299","10457","New Directions Secondary School",-73.9113927,40.8396196
"300","10452","The Highbridge Green School",-73.928113,40.838206
"301","10457","Bronx High School for Medical Science",-73.911386,40.8396545
"302","10456","The Family School",-73.9175656,40.8321305
"303","10456","Grant Avenue Elementary School",-73.9175653,40.8283139
"304","10456","Science and Technology Academy: A Mott Hall School",-73.9175653,40.8283139
"305","10456","Sheridan Academy for Young Leaders",-73.9174942,40.8322284
"306","10451","Bronx School for Law, Government and Justice",-73.9190153,40.827493
"307","10452","Mount Eden Children's Academy",-73.9161818,40.8429529
"308","10473","Young Women's Leadership School of the Bronx",-73.8575055,40.8188481
"309","10457","P.S. 3 Raul Julia Micro Society",-73.891503,40.8501242
"310","10463","Milton Fein School",-73.9057992,40.8816109
"311","10458","P.S. 008 Isaac Varian",-73.8834589,40.8722302
"312","10458","P.S. 9 Ryer Avenue Elementary School",-73.8989561,40.8566808
"313","10453","P.S. X015 Institute for Environmental Learning",-73.9098589,40.8590452
"314","10467","P.S./M.S. 20 P.O.George J. Werdann, III",-73.8790735,40.8696205
"315","10457","P.S. 023 The New Children's School",-73.8947836,40.8533809
"316","10463","P.S. 024 Spuyten Duyvil",-73.9143675,40.8870932
"317","10458","P.S. 032 Belmont",-73.8859641,40.8518895
"318","10468","P.S. 033 Timothy Dwight",-73.901633,40.8616747
"319","10463","P.S. X037 - Multiple Intelligence School",-73.9105426,40.8799358
"320","10458","Thomas C. Giordano Middle School 45",-73.8873325,40.8583603
"321","10458","P.S. 046 Edgar Allan Poe",-73.8906272,40.8669496
"322","10457","P.S. 051 Bronx New School",-73.8863882,40.8505396
"323","10458","P.S./I.S. 54",-73.8877685,40.8648408
"324","10467","P.S. 056 Norwood Heights",-73.8749248,40.8754528
"325","10457","P.S. 059 The Community School of Technology",-73.8935685,40.853105
"326","10467","J.H.S. 080 The Mosholu Parkway",-73.8814825,40.876754
"327","10471","P.S. 081 Robert J. Christen",-73.9048888,40.9035665
"328","10458","P.S. 085 Great Expectations",-73.8948287,40.8588521
"329","10468","P.S. 086 Kingsbridge Heights",-73.8982631,40.8698472
"330","10453","P.S. 091 Bronx",-73.9079233,40.8576357
"331","10467","P.S. 094 Kings College School",-73.8754552,40.8804318
"332","10463","P.S. 095 Sheila Mencher",-73.8914763,40.8830979
"333","10457","J.H.S. 118 William W. Niles",-73.8928447,40.8484479
"334","10463","Riverdale / Kingsbridge Academy (Middle School / H",-73.913565,40.8882097
"335","10458","P.S. 159 Luis Munoz Marin Biling",-73.8932821,40.8555172
"336","10458","P.S. 205 Fiorello LaGuardia",-73.8813809,40.8557124
"337","10468","I.S. 206 Ann Mersereau",-73.9062792,40.8595902
"338","10457","Theatre Arts Production Company School",-73.8970362,40.8546548
"339","11204","P.S. 226",-73.9770226,40.6152494
"340","10458","Jonas Bronck Academy",-73.8918856,40.8609745
"341","10458","West Bronx Academy for the Future",-73.8885964,40.8595423
"342","10463","The New School for Leadership and Journalism",-73.9014543,40.8755482
"343","10468","P.S. 246 Poe Center",-73.8953807,40.866137
"344","10458","I.S. 254",-73.8898414,40.858858
"345","10453","P.S. 279 Captain Manuel Rivera, Jr.",-73.9050639,40.8547343
"346","10467","P.S./M.S. 280 Mosholu Parkway",-73.8816719,40.8770603
"347","10453","P.S. 291",-73.9098193,40.8591662
"348","10453","P.S. 306",-73.9103828,40.8517818
"349","10468","Luisa Pineiro Fuentes School of Science and Discov",-73.9018757,40.8691591
"350","10467","Bronx Dance Academy School",-73.8781134,40.8854128
"351","10463","P.S. 310 Marble Hill",-73.9052778,40.8725135
"352","10468","P.S. 315 Lab School",-73.8998724,40.8736003
"353","10453","The Bronx School of Young Leaders",-73.9107122,40.8513486
"354","10011","P.S. 340",-73.9952936,40.739006
"355","10468","International School for Liberal Arts",-73.8969425,40.8704419
"356","10463","Ampark Neighborhood",-73.8914763,40.8830979
"357","10463","P.S. 360",-73.9023203,40.8749598
"358","10468","Academy For Personal Leadership And Excellence",-73.9004334,40.8593875
"359","10463","In-Tech Academy (M.S. / High School 368)",-73.911364,40.8790734
"360","10453","Elementary School for Math, Science, and Technolog",-73.9032436,40.8551953
"361","10453","School for Environmental Citizenship",-73.9033703,40.8550546
"362","10453","M.S. 390",-73.9131643,40.8545659
"363","10457","The Angelo Patri Middle School",-73.8970362,40.8546548
"364","10453","P.S. 396",-73.913069,40.8545398
"365","10453","Creston Academy",-73.9032919,40.8550898
"366","10468","East Fordham Academy for the Arts",-73.9005168,40.8596296
"367","10470","P.S. 016 Wakefield",-73.8545464,40.9023697
"368","10470","P.S. 019 Judith K. Weiss",-73.8672232,40.8993214
"369","10466","P.S. 021 Philip H. Sheridan",-73.85948,40.8878973
"370","10467","P.S. 041 Gun Hill Road",-73.8679103,40.8746073
"371","10466","P.S. 068 Bronx",-73.8385612,40.8911953
"372","10469","P.S. 076 The Bennington School",-73.8610735,40.8692718
"373","10469","P.S. 078 Anne Hutchinson",-73.8503867,40.8784474
"374","10462","P.S. 083 Donald Hertz",-73.8588599,40.8492444
"375","10466","P.S. 087 Bronx",-73.8458816,40.8953644
"376","10469","P.S. 089 Bronx",-73.8591383,40.8625617
"377","10467","P.S. 096 Richard Rodgers",-73.8690837,40.860985
"378","10469","P.S. 097 Bronx",-73.8466572,40.8630716
"379","10466","P.S. 103 Hector Fontanez",-73.8618979,40.8923187
"380","10462","P.S. 105 Sen Abraham Bernstein",-73.8664014,40.8527674
"381","10462","P.S. 106 Parkchester",-73.8550466,40.8373275
"382","10461","P.S. 108 Philip J. Abinanti",-73.8529191,40.8545351
"383","10466","P.S. 111 Seton Falls",-73.839263,40.884355
"384","10466","P.S. 112 Bronxwood",-73.8439954,40.8847919
"385","10469","P.S. 121 Throop",-73.8504668,40.8669435
"386","10462","J.H.S. 127 The Castle Hill",-73.8531107,40.8380724
"387","10469","J.H.S. 144 Michelangelo",-73.8362749,40.8642899
"388","10475","P.S. 153 Helen Keller",-73.8331355,40.8731144
"389","10475","P.S. 160 Walt Disney",-73.8239864,40.8643078
"390","10466","Baychester Academy",-73.8393793,40.8812602
"391","10464","P.S. 175 City Island",-73.7846911,40.84379
"392","10475","P.S. 178 - Dr. Selman Waksman",-73.8331698,40.8751334
"393","10475","M.S. 180 Dr. Daniel Hale Williams",-73.8321785,40.8732041
"394","10475","I.S. 181 Pablo Casals",-73.8321783,40.874988
"395","10475","Cornerstone Academy for Social Action",-73.8307528,40.8829987
"396","10462","P.S./M.S. 194",-73.8465928,40.8351995
"397","10467","North Bronx School of Empowerment",-73.8605855,40.8808122
"398","10467","Bronx Green Middle School",-73.8647866,40.8624415
"399","10466","Bronx Alliance Middle School",-73.8405699,40.8863025
"400","10462","Young Voices Academy of the Bronx",-73.8634638,40.8543019
"401","74112","Leaders of Tomorrow",-95.9041535,36.1569025
"402","10475","Cornerstone Academy for Social Action Middle Schoo",-73.8307528,40.8829987
"403","10467","Pelham Academy of Academics and Community Engageme",-73.8645884,40.8620602
"404","10462","P.S./M.S. 11X498 - VAN NEST ACADEMY",-73.8579016,40.8449979
"405","10466","One World Middle School at Edenwald",-73.8405649,40.8864787
"406","10466","Baychester Middle School",-73.840497,40.8861085
"407","10467","Bronx Park Middle School",-73.8647626,40.8625741
"408","10475","Pelham Gardens Middle School",-73.829867,40.863334
"409","10462","Linden Tree Elementary School",-73.8534378,40.8381423
"410","10460","P.S. 006 West Farms",-73.8821899,40.8406052
"411","10457","P.S. 044 David C. Farragut",-73.89086,40.8424997
"412","10472","P.S. 047 John Randolph",-73.8669819,40.8325249
"413","10457","P.S. 057 Crescent",-73.8888478,40.848681
"414","10460","P.S. 061 Francisco Oller",-73.8927927,40.8364786
"415","10460","P.S. 066 School of Higher Expectations",-73.88661,40.8313111
"416","10460","P.S. 067 Mohegan School",-73.884521,40.8439944
"417","10457","P.S. 092 Bronx",-73.8893226,40.8463352
"418","10460","J.H.S. 098 Herman Ridder",-73.8907414,40.8363157
"419","10460","M.S. 129 Academy for Independent Learning and Lead",-73.8864348,40.845821
"420","10459","P.S. 134 George F. Bristow",-73.8946631,40.8314397
"421","10459","P.S. 150 Charles James Fox",-73.8942729,40.8261982
"422","10460","E.S.M.T- I.S. 190",-73.8928045,40.8364929
"423","10472","P.S. 195",-73.8774112,40.8307394
"424","11375","P.S. 196",-73.8377256,40.722976
"425","10457","P.S. 211",-73.8900717,40.8436717
"426","11372","P.S. 212",-73.8846958,40.7530863
"427","10460","P.S. 214",-73.8802666,40.8391705
"428","74135","School of Performing Arts",-95.938818,36.0877894
"429","10472","Mott Hall V",-73.8773576,40.8321858
"430","10456","Bronx Latin",-73.9004224,40.8276602
"431","10460","East Bronx Academy for the Future",-73.8877059,40.8367822
"432","10457","Frederick Douglass Academy V. Middle School",-73.8889123,40.8487109
"433","10460","Fannie Lou Hamer Middle School",-73.885602,40.8310478
"434","10460","The School of Science and Applied Learning",-73.8871784,40.8458848
"435","10460","Fairmont Neighborhood School",-73.8870953,40.8342454
"436","10460","Kappa III",-73.8864943,40.8458529
"437","10457","I.S. X318 Math, Science & Technology Through Arts",-73.8900116,40.8437061
"438","10459","Accion Academy",-73.8940382,40.8220835
"439","10460","Urban Assembly School for Wildlife Conservation",-73.8844851,40.8439832
"440","10460","Emolior Academy",-73.8796707,40.839318
"441","10459","Entrada Academy",-73.8940382,40.8220835
"442","10456","Urban Scholars Community School",-73.9004516,40.8287148
"443","14533","Archer Elementary School",-82.5225874,29.5201505
"444","10460","P.S. 536",-73.8661009,40.8381698
"445","10460","Bronx Little School",-73.8659284,40.8382064
"446","11216","P.S. 003 The Bedford Village",-73.955396,40.6824104
"447","11201","P.S. 008 Robert Fulton",-73.9929319,40.7007522
"448","11238","P.S. 009 Teunis G. Bergen",-73.9657236,40.6782083
"449","11238","P.S. 011 Purvis J. Behan",-73.9661003,40.685363
"450","11205","P.S. 020 Clinton Hill",-73.9710712,40.6910824
"451","11221","P.S. 044 Marcus Garvey",-73.9413959,40.6862237
"452","11205","P.S. 046 Edward C. Blum",-73.9716268,40.6944248
"453","11205","P.S. 054 Samuel C. Barnes",-73.9526679,40.6926238
"454","11238","P.S. 056 Lewis H. Latimer",-73.9604775,40.6850793
"455","11205","P.S. 067 Charles A. Dorsey",-73.977811,40.6950519
"456","11216","P.S. 093 William H. Prescott",-73.9465538,40.6789034
"457","11205","M.S. 113 Ronald Edmonds Learning Center",-73.9710924,40.6883885
"458","11217","P.S. 133 William A. Butler",-73.9806613,40.6801162
"459","11216","P.S. 256 Benjamin Banneker",-73.9501796,40.6906271
"460","11205","Dr. Susan S. McKinney Secondary School of the Arts",-73.9759851,40.6969046
"461","11217","M.S. K266 - Park Place Community Middle School",-73.976291,40.6786944
"462","11205","P.S. 270 Johann DeKalb",-73.9611647,40.6896647
"463","11217","P.S. 282 Park Slope",-73.9777278,40.6765759
"464","11201","P.S. 287 Bailey K. Ashford",-73.9807298,40.6978575
"465","11216","Satellite East Middle School",-73.9449828,40.6859941
"466","11216","P.S. 305 Dr. Peter Ray",-73.9451785,40.6858175
"467","11201","P.S. 307 Daniel Hale Williams",-73.9817679,40.7015003
"468","11201","Dock Street School for STEAM Studies",-73.9924681,40.7031241
"469","11238","The Urban Assembly Unison School",-73.9606359,40.6847572
"470","10032","Academy of Arts and Letters",-73.9473834,40.8336901
"471","11201","Urban Assembly Institute of Math and Science for Y",-73.9885265,40.6946487
"472","11205","Fort Greene Preparatory Academy",-73.9716268,40.6944248
"473","11211","P.S. 016 Leonard Dunkly",-73.962002,40.7058422
"474","11211","P.S. 017 Henry D. Woodworth",-73.9569914,40.7152099
"475","11211","P.S. 018 Edward Bush",-73.9470377,40.7107336
"476","11206","P.S. 023 Carter G. Woodson",-73.9474627,40.6941963
"477","11222","P.S. 031 Samuel F. Dupont",-73.9540074,40.726795
"478","11222","P.S. 034 Oliver H. Perry",-73.9498727,40.7263729
"479","11211","J.H.S. 050 John D. Wells",-73.9602371,40.7117916
"480","11206","P.S. 059 William Floyd",-73.9433642,40.6978181
"481","11206","Juan Morel Campos Secondary School",-73.9531909,40.7043785
"482","11249","P.S. 084 Jose De Diego",-73.9634611,40.7149125
"483","11222","P.S. 110 The Monitor",-73.9418971,40.7236099
"484","11206","P.S. 120 Carlos Tapia",-73.9377574,40.7005875
"485","11222","John Ericsson Middle School 126",-73.9478302,40.7197571
"486","11211","P.S. 132 The Conselyea School",-73.9458556,40.7148039
"487","11206","P.S. 147 Isaac Remsen",-73.9390826,40.705038
"488","11205","P.S./I.S. 157 The Benjamin Franklin Health & Scien",-73.9597709,40.6953946
"489","11206","P.S. 196 Ten Eyck",-73.9398107,40.7087732
"490","11206","P.S. 250 George H. Lindsay",-73.9450407,40.7069344
"491","11206","P.S. 257 John F. Hylan",-73.941442,40.7026364
"492","11206","P.S. 297 Abraham Stockton",-73.9477687,40.6974407
"493","11206","I.S. 318 Eugenio Maria De Hostos",-73.94827,40.7030338
"494","11206","P.S. 380 John Wayne Elementary",-73.9534677,40.7020826
"495","11211","Brooklyn Arbor Elementary School",-73.9547643,40.7098922
"496","11211","Conselyea Preparatory School",-73.9569941,40.715305
"497","11206","M.S. 582",-73.9397033,40.7087753
"498","11206","Lyons Community School",-73.9445188,40.7097646
"499","11206","Young Women's Leadership School of Brooklyn",-73.9388221,40.7049818
"500","11220","P.S. 001 The Bergen",-74.0112375,40.6486563
"501","11215","Magnet School of Math, Science and Design Technolo",-73.9863597,40.660999
"502","11231","P.S. 015 Patrick F. Daly",-74.0115324,40.6771879
"503","11232","P.S. 024",-74.0047157,40.652804
"504","11201","P.S. 029 John M. Harrigan",-73.9978474,40.6869221
"505","11231","P.S. 032 Samuel Mills Sprole",-73.991826,40.6803551
"506","11217","P.S. 038 The Pacific",-73.9829111,40.6850338
"507","11215","P.S. 039 Henry Bristow",-73.9829124,40.6686657
"508","11215","M.S. 51 William Alexander",-73.984251,40.6719863
"509","11231","P.S. 058 The Carroll",-73.9956274,40.6804389
"510","11215","J.H.S. 088 Peter Rouget",-73.9885115,40.6606685
"511","11220","P.S. 094 The Henry Longfellow",-74.0086842,40.6436445
"512","11215","P.S. 107 John W. Kimball",-73.9810883,40.6630204
"513","11215","The Maurice Sendak Community School",-73.9877523,40.6709087
"514","11215","P.S. 124 Silas B. Dutcher",-73.9906703,40.6674684
"515","11218","P.S. 130 The Parkside",-73.9758478,40.648959
"516","11219","P.S. 131 Brooklyn",-73.9933453,40.640773
"517","11232","I.S. 136 Charles O. Dewey",-74.007305,40.6519847
"518","11231","The Brooklyn New School, P.S. 146",-74.0019426,40.6794323
"519","11215","The Windsor Terrace School",-73.9763123,40.6570157
"520","11232","P.S. 169 Sunset Park",-74.0017111,40.6458435
"521","11232","P.S. 172 Beacon School of Excellence",-74.0001737,40.6576441
"522","11218","P.S. 230 Doris L. Cohen",-73.9802923,40.6453183
"523","11201","P.S. 261 Philip Livingston",-73.9882648,40.6873589
"524","11215","P.S. 295",-73.9890264,40.6609886
"525","11215","P.S. 321 William Penn",-73.9780711,40.6715682
"526","30309","The Children's School",-84.3759642,33.7815117
"527","11215","M.S. 442 Carroll Gardens School for Innovation",-73.98315,40.6566115
"528","11215","New Voices School of Academic & Creative Arts",-73.9890264,40.6609887
"529",NA,"The Math & Science Exploratory School",-79.399337,43.7131349
"530","11231","Brooklyn Secondary School for Collaborative Studie",-74.0019427,40.6794323
"531","11215","Park Slope Collegiate",-73.9788092,40.6694296
"532","11201","The Boerum Hill School for International Studies",-73.9937004,40.6849801
"533","11232","Sunset Park Avenues Elementary School",-74.0086993,40.6507728
"534","11231","Red Hook Neighborhood School",-74.0049254,40.677865
"535","11232","Sunset Park Prep",-74.0073816,40.6520669
"536","11218","M.S. 839",-73.9730849,40.6479376
"537","11233","P.S. 005 Dr. Ronald Mcnair",-73.9223832,40.6854939
"538","11233","P.S. 021 Crispus Attucks",-73.9262024,40.6804739
"539","11221","P.S. 025 Eubie Blake School",-73.9407569,40.6917243
"540","11221","P.S. 026 Jesse Owens",-73.9310583,40.6919756
"541","11233","P.S. 028 The Warren Prep Academy",-73.9214329,40.6801961
"542","11233","M.S. 035 Stephen Decatur",-73.9350325,40.6818416
"543","11233","P.S. 040 George W. Carver",-73.921979,40.680139
"544","11221","J.H.S. 057 Whitelaw Reid",-73.9336376,40.6915694
"545","11221","P.S. 081 Thaddeus Stevens",-73.9348655,40.6928436
"546","11213","P.S. 243K- The Weeksville School",-73.9349611,40.6758036
"547","11233","P.S. 262 El Hajj Malik El Shabazz Elementary Schoo",-73.9299591,40.6830549
"548","11221","M.S. 267 Math, Science & Technology",-73.9324012,40.6879512
"549","11221","P.S. 308 Clara Cardwell",-73.9352955,40.6884471
"550","11221","P.S. 309 The George E. Wibecan Preparatory Academy",-73.9241079,40.6883298
"551","11213","P.S. 335 Granville T. Woods",-73.9283126,40.6744514
"552","11206","Brighter Choice Community School",-73.9404589,40.6940135
"553","11233","Brooklyn Brownstone School",-73.935034,40.681849
"554","11221","Madiba Prep Middle School",-73.9310471,40.6919541
"555","11226","Parkside Preparatory Academy",-73.9514618,40.6563887
"556","11226","Norma Adams Clemons Academy",-73.9561961,40.6490449
"557","11233","Dr. Jacqueline Peek-Davis School",-73.919862,40.6730157
"558","11225","M.S. 061 Dr. Gladstone H. Atwell",-73.9488458,40.6637725
"559","11203","P.S. 091 The Albany Avenue School",-73.9402252,40.6617755
"560","11226","P.S. 092 Adrian Hegeman",-73.9537894,40.6562316
"561","11216","P.S. 138 Brooklyn",-73.9515132,40.6737779
"562","11225","P.S. 161 The Crown",-73.9492438,40.6658671
"563","11203","P.S. 181 Brooklyn",-73.9459934,40.6480961
"564","11212","P.S. 189 The Bilingual Center",-73.9256806,40.6654464
"565","11233","P.S. 191 Paul Robeson",-73.9238618,40.671875
"566","11213","P.S. 221 Toussaint L'Ouverture",-73.9359055,40.6638527
"567","11225","P.S. 241 Emma L. Johnston",-73.9606961,40.6689485
"568","11226","M.S. 246 Walt Whitman",-73.9532221,40.6481351
"569","11226","P.S. 249 The Caton",-73.9661985,40.6497618
"570","11213","P.S. 289 George V. Brower",-73.9426236,40.6746387
"571","11238","P.S. 316 Elijah Stroud",-73.9607013,40.6745307
"572","11238","I.S. 340",-73.9697621,40.6761683
"573","11225","Ebbets Field Middle School",-73.9595858,40.6648721
"574","11238","Elijah Stroud Middle School",-73.9609174,40.6745299
"575","11213","The School of Integrated Learning",-73.9372587,40.6725794
"576","11225","P.S. 375 Jackie Robinson School",-73.959403,40.664753
"577","11226","Academy for College Preparation and Career Explora",-73.9581617,40.6494997
"578","11213","M.S. K394",-73.9289299,40.672706
"579","11203","P.S. 397 Foster-Laurie",-73.9464218,40.6587283
"580","11212","P.S. 398 Walter Weaver",-73.9279874,40.6640272
"581","11226","P.S. 399 Stanley Eugene Clark",-73.9520157,40.6482241
"582","11233","Ronald Edmonds Learning Center II",-73.9200419,40.6730256
"583","11203","School for Human Rights, The",-73.943838,40.658665
"584","11213","New Bridges Elementary",-73.9343699,40.6694498
"585","11226","Science, Technology and Research Early College Hig",-73.9571733,40.6495006
"586","11225","Medgar Evers College Preparatory School",-73.9509148,40.6670605
"587","11238","Brooklyn Arts and Science Elementary School",-73.9599048,40.6770106
"588","29718","New Heights Middle School",-80.392507,34.6942548
"589","11212","P.S. 770 New American Academy",-73.9278817,40.6639796
"590","11236","P.S. 66",-73.9068507,40.6486462
"591","11236","I.S. 068 Isaac Bildersee",-73.9107543,40.6351788
"592","11236","P.S. 114 Ryder Elementary",-73.9077973,40.6426899
"593","11236","P.S. 115 Daniel Mucatel School",-73.8977931,40.6351142
"594","11203","P.S. 135 Sheldon A. Brookner",-73.9329501,40.6531894
"595","11203","P.S. 208 Elsa Ebeling",-73.9308918,40.6425607
"596","11236","I.S. 211 John Wilson",-73.8960857,40.643335
"597","11212","P.S. 219 Kennedy-King",-73.9226256,40.659144
"598","11236","P.S. 233 Langston Hughes",-73.9140211,40.6514078
"599","11203","P.S. 235 Janice Marie Knight School",-73.9406891,40.6550319
"600","11203","P.S. 244 Richard R. Green",-73.9254652,40.6479192
"601","11203","P.S. 268 Emma Lazarus",-73.9277575,40.6573056
"602","11236","P.S. 272 Curtis Estabrook",-73.8860126,40.6359253
"603","11236","P.S. 276 Louis Marshall",-73.907985,40.6336906
"604","11236","P.S. 279 Herman Schreiber",-73.892022,40.6438304
"605","11203","I.S. 285 Meyer Levin",-73.9207359,40.647452
"606","11236","The Science And Medicine Middle School",-73.891766,40.6474167
"607","11203","East Flatbush Community Research School",-73.9286824,40.6586846
"608","11212","Middle School for Art and Philosophy",-73.920356,40.6579156
"609","11203","Middle School of Marketing and Legal Studies",-73.9286824,40.6586846
"610","11203","Brooklyn Science and Engineering Academy",-73.9254766,40.6482463
"611","11208","P.S. 007 Abraham Lincoln",-73.8731539,40.6894135
"612","11207","P.S. 013 Roberto Clemente",-73.893597,40.6637454
"613","11208","P.S. 065",-73.8784075,40.6870357
"614","11207","P.S. 089 Cypress Hills",-73.8866726,40.677592
"615","11208","P.S. 108 Sal Abbracciamento",-73.884339,40.681275
"616","11207","P.S. 149 Danny Kaye",-73.8927947,40.6694368
"617","11207","P.S. 158 Warwick",-73.8852802,40.6725591
"618","11208","P.S. 159 Isaac Pitkin",-73.8696438,40.6759848
"619","11208","I.S. 171 Abraham Lincoln",-73.869429,40.685841
"620","11207","P.S. 190 Sheffield",-73.894749,40.662265
"621","11208","P.S. 202 Ernest S. Jenkyns",-73.8764047,40.6662563
"622","11207","P.S. 213 New Lots",-73.8904059,40.6602242
"623","11208","P.S. 214 Michael Friedsam",-73.8630617,40.6763238
"624","11208","J.H.S. 218 James P. Sinnott",-73.8743905,40.6705278
"625","11208","P.S. 224 Hale A. Woodruff",-73.8658182,40.664739
"626","11207","P.S. 273 Wortman",-73.8792113,40.6582897
"627","11207","P.S. 290 Juan Morel Campos",-73.8894779,40.6781495
"628","11207","J.H.S. 292 Margaret S. Douglas",-73.8932678,40.6716573
"629","11207","P.S. 306 Ethan Allen",-73.8862619,40.6551
"630","11208","The Fresh Creek School",-73.8943705,40.6541471
"631","11207","P.S. 328 Phyllis Wheatley",-73.8982518,40.6677912
"632","11208","P.S. 345 Patrolman Robert Bolden",-73.8800382,40.6762589
"633","11239","P.S. 346 Abe Stark",-73.8818498,40.6467533
"634","11239","I.S. 364 Gateway",-73.8811703,40.6464864
"635","11239","Academy for Young Writers",-73.8742909,40.6573372
"636","11207","East New York Family Academy",-73.8960768,40.6738372
"637","11239","Spring Creek Community School",-73.8741377,40.6573003
"638","11239","Frederick Douglass Academy VIII Middle School",-73.8818498,40.6467533
"639","11207","Brooklyn Gardens Elementary School",-73.897709,40.6655661
"640","11207","Van Siclen Community Middle School",-73.8854439,40.6597024
"641","73160","Vista Academy",-97.4840214,35.334192
"642","11208","Liberty Avenue Middle School",-73.883872,40.6768261
"643","11207","School of the Future Brooklyn",-73.8976405,40.6655567
"644","11208","East New York Elementary School of Excellence",-73.8791876,40.6695701
"645","11208","East New York Middle School of Excellence",-73.8791876,40.6695701
"646","11208","Highland Park Community School",-73.869429,40.685841
"647","11209","P.S./I.S. 30 Mary White Ovington",-74.0242775,40.6335649
"648","11204","P.S. 048 Mapleton",-73.9873065,40.6215569
"649","11218","J.H.S. 062 Ditmas",-73.9712198,40.6381892
"650","11220","P.S. 69 Vincent D. Grippo School",-74.0097225,40.6325473
"651","11209","P.S. 102 The Bayview",-74.0288313,40.6340614
"652","11209","P.S./I.S. 104 The Fort Hamilton School",-74.0284619,40.618037
"653","11219","P.S. 105 The Blythebourne",-74.0035675,40.6332028
"654","11228","P.S. 112 Lefferts Park",-74.0005749,40.6194074
"655","11228","P.S. 127 Mckinley Park",-74.0186655,40.6237926
"656","11219","P.S. 160 William T. Sampson",-73.999028,40.636927
"657","11214","P.S. 163 Bath Beach",-74.0076122,40.6065941
"658",NA,"P.S. 164 Caesar Rodney",NA,NA
"659","11209","Ralph A. Fabrizio School",-74.0188246,40.6304279
"660","11219","P.S. 176 Ovington",-74.0053373,40.6247178
"661","11218","P.S. 179 Kensington",-73.9773047,40.6402852
"662","11204","The SEEALL Academy",-73.989612,40.6266652
"663","11209","P.S. 185 Walter Kassenbrock",-74.0335467,40.6235788
"664","11214","P.S. 186 Dr. Irving A Gladstone",-73.9945425,40.6111438
"665","11219","The Christa McAuliffe School\I.S. 187",-74.0040033,40.6278465
"666","11204","P.S. 192 - The Magnet School for Math and Science",-73.9798167,40.6290125
"667","11214","P.S. 200 Benson School",-74.0017185,40.6030332
"668","11228","J.H.S. 201 The Dyker Heights",-74.0131655,40.6186835
"669","11228","P.S. 204 Vince Lombardi",-74.0065864,40.6137673
"670","11204","P.S. 205 Clarion",-73.9870673,40.6149496
"671","11220","J.H.S. 220 John J. Pershing",-74.0008263,40.6407926
"672","11219","J.H.S. 223 The Montauk",-73.9818332,40.6348951
"673","11204","J.H.S. 227 Edward B. Shallow",-73.9955288,40.6218446
"674","11228","P.S. 229 Dyker",-74.0131655,40.6105585
"675","11204","P.S. 247 Brooklyn",-73.9871382,40.6122088
"676","11228","J.H.S. 259 William Mckinley",-74.0147263,40.626332
"677","11209","P.S. 264 Bay Ridge Elementary School For The Arts",-74.0295879,40.6210203
"678","11219","The School For Future Leaders",-74.0075889,40.6321599
"679","11220","P.S. 503: The School of Discovery",-74.019313,40.641937
"680","11220","P.S. 506: The School of Journalism & Technology",-74.0193245,40.6419175
"681","11219","Urban Assembly School for Criminal Justice",-73.9824061,40.634902
"682","11204","The Academy of Talented Scholars",-73.9868516,40.6070076
"683","11204","Brooklyn School of Inquiry",-73.9868516,40.6070076
"684","11214","P.S. 748 Brooklyn School for Global Scholars",-74.0073269,40.6069424
"685","11220","School of Math, Science, and Healthy Living",-74.0201953,40.6394803
"686","11224","P.S. 90 Edna Cohen School",-73.979823,40.5781022
"687","11223","P.S. 095 The Gravesend",-73.9747677,40.5960982
"688","11204","I.S. 096 Seth Low",-73.9846897,40.6077537
"689","11223","P.S. 97 The Highlawn",-73.9857078,40.6011147
"690","11235","I.S. 98 Bay Academy",-73.9537729,40.5833558
"691","11230","P.S. 099 Isaac Asimov",-73.9656992,40.6214841
"692","11224","P.S. 100 The Coney Island School",-73.970791,40.577556
"693","11214","P.S. 101 The Verrazano",-73.9917894,40.5976955
"694","11204","P.S. 121 Nelson A. Rockefeller",-73.9787883,40.6228902
"695","11214","P.S. 128 Bensonhurst",-73.995071,40.60496
"696","11229","P.S. 153 Homecrest",-73.9600314,40.6011737
"697","11204","P.S. 177 The Marlboro",-73.9744123,40.6084307
"698","11224","P.S. 188 Michael E. Berdy",-74.0004851,40.5767619
"699","11230","P.S. 199 Frederick Wachtel",-73.963146,40.6165327
"700","11235","P.S. 209 Margaret Mead",-73.9619541,40.5866587
"701","11214","P.S. 212 Lady Deborah Moody",-73.985688,40.5874235
"702","11223","P.S. 215 Morris H. Weiss",-73.969885,40.6023264
"703","11223","P.S. 216 Arturo Toscanini",-73.9697217,40.5903571
"704","11235","P.S. K225 - The Eileen E. Zaglin",-73.9562996,40.5799376
"705","11204","P.S. 226 Alfred De B.Mason",-73.9770226,40.6152494
"706","11223","I.S. 228 David A. Boody",-73.9768384,40.6010472
"707","11223","P.S. 238 Anne Sullivan",-73.9647478,40.6086588
"708","11224","Mark Twain I.S. 239 for the Gifted & Talented",-73.9928364,40.5783495
"709","11235","P.S. 253",-73.9618733,40.5798346
"710","11214","I.S. 281 Joseph B Cavallaro",-73.9940319,40.5944895
"711","11224","P.S. 288 The Shirley Tanyhill",-73.9924608,40.5742244
"712","11224","I.S. 303 Herbert S. Eisenberg",-73.972017,40.5824511
"713","11224","P.S. 329 Surfside",-73.9961388,40.5746803
"714","11214","Kingsborough Early College School",-73.9861661,40.5936334
"715","11214","Brooklyn Studio Secondary School",-73.9947464,40.6048465
"716","11235","J.H.S. 014 Shell Bank",-73.9379153,40.5934382
"717","11235","P.S. 052 Sheepshead Bay",-73.9400824,40.5877596
"718","11234","J.H.S. 078 Roy H. Mann",-73.9128218,40.6208394
"719","11203","P.S. 109",-73.9331489,40.6360037
"720","11210","P.S. 119 Amersfort",-73.9389788,40.6259787
"721","11218","P.S. K134",-73.9732076,40.6322561
"722","11226","P.S. 139 Alexine A. Fenty",-73.9656808,40.6415901
"723","74126","School of Science & Technology",-95.97486,36.2251805
"724","11210","P.S. 193 Gil Hodges",-73.9503109,40.621905
"725","11229","P.S. 194 Raoul Wallenberg",-73.9338696,40.5973303
"726","11235","P.S. 195 Manhattan Beach",-73.9438442,40.5803182
"727","11210","P.S. 197 - The Kings Highway Academy",-73.9515546,40.6125713
"728","11203","P.S. 198 Brooklyn",-73.936947,40.6374944
"729","11234","P.S. 203 Floyd Bennett School",-73.9254137,40.6218603
"730","11229","P.S. 206 Joseph F Lamb",-73.9484272,40.5972728
"731","11234","P.S. 207 Elizabeth G. Leary",-73.9301376,40.613668
"732","11230","P.S. 217 Colonel David Marcus School",-73.9662743,40.6336542
"733","11234","P.S. 222 Katherine R. Snyder",-73.9388107,40.613732
"734","11229","J.H.S. 234 Arthur W. Cunningham",-73.9552911,40.604425
"735","11234","P.S. 236 Mill Basin",-73.9126625,40.6158515
"736","11210","Andries Hudde",-73.9464965,40.6238696
"737","11226","P.S. 245",-73.962837,40.6448375
"738","11234","P.S. 251 Paerdegat",-73.9238484,40.6312727
"739","11235","P.S. 254 Dag Hammarskjold",-73.9513841,40.5909368
"740","11229","P.S. 255 Barbara Reing School",-73.9559171,40.6043605
"741","11210","P.S. 269 Nostrand",-73.947676,40.637666
"742","11229","P.S. 277 Gerritsen Beach",-73.9279653,40.5958731
"743","11229","J.H.S. 278 Marine Park",-73.9386727,40.6064253
"744","11234","P.S. 312 Bergen Beach",-73.9087894,40.6217941
"745","11210","P.S. K315",-73.9542987,40.6325873
"746","11210","I. S. 381",-73.9467959,40.6238029
"747","11218","M.S. 890",-73.9711799,40.6446194
"748","11212","P.S. 041 Francis White",-73.9068734,40.660182
"749","11233","P.S./I.S. 137 Rachel Jean Mitchell",-73.9166957,40.6822466
"750","11212","P.S. 150 Christopher",-73.9051131,40.6686541
"751","11233","P.S./ I.S. 155 Nicholas Herkimer",-73.9085698,40.6776195
"752","11212","P.S. 156 Waverly",-73.9179986,40.6654569
"753","11212","P.S. 165 Ida Posner",-73.91089,40.6571995
"754","11233","P.S. 178 Saint Clair Mckelway",-73.9153064,40.6752336
"755","11212","P.S. 184 Newport",-73.9049702,40.6602262
"756","11212","The Gregory Jocko Jackson School of Sports, Art, a",-73.9075529,40.6669333
"757","11212","P.S. 298 Dr. Betty Shabazz",-73.907945,40.6706704
"758","11212","P.S./I.S. 323",-73.9110788,40.6666134
"759","11212","P.S. 327 Dr. Rose B. English",-73.9120378,40.6682057
"760","11212","Brownsville Collaborative Middle School",-73.9076679,40.6709811
"761","11212","I.S. 392",-73.9180681,40.6654603
"762","11212","Christopher Avenue Community School",-73.9056876,40.6722701
"763","11212","Riverdale Avenue Community School",-73.9135232,40.659983
"764","11212","Kappa V (Knowledge and Power Preparatory Academy)",-73.9067816,40.6557475
"765","11233","Mott Hall IV",-73.915842,40.6779834
"766","11233","Brooklyn Landmark Elementary School",-73.9106967,40.6805707
"767","11233","Eagle Academy for Young Men II",-73.915842,40.6779834
"768","11233","Brooklyn Environmental Exploration School (BEES)",-73.910773,40.680405
"769","11212","Riverdale Avenue Middle School",-73.9136157,40.6599698
"770","11212","Mott Hall Bridges Academy",-73.9110895,40.666317
"771","11212","Teachers Preparatory High School",-73.9119789,40.6655123
"772","11373","I.S. 5 - The Walter Crowley Intermediate School",-73.8877351,40.7374605
"773","11377","P.S. 012 James B. Colgate",-73.8927726,40.7423619
"774","11373","P.S. 013 Clement C. Moore",-73.8679,40.7373286
"775","11368","P.S. 014 Fairview",-73.8543016,40.7409175
"776","11368","P.S. Q016 The Nancy DeBenedittis School",-73.8605558,40.749081
"777","11368","P.S. 019 Marino Jeantet",-73.8669419,40.7489304
"778","11379","P.S. 049 Dorothy Bonawit Kole",-73.8750342,40.7195174
"779","11378","P.S. 58 - The School of Heroes",-73.890603,40.72851
"780","11368","I.S. 061 Leonardo Da Vinci",-73.8626164,40.7425932
"781","11385","P.S. 068 Cambridge",-73.8973882,40.6968584
"782","11385","P.S. 071 Forest",-73.9043918,40.7114923
"783","11378","I.S. 73 - The Frank Sansivieri Intermediate School",-73.8932957,40.7285961
"784","11385","I.S. 077",-73.9020567,40.6991348
"785","11385","P.S. 81Q Jean Paul Richter",-73.9121318,40.7036759
"786","11379","P.S./I.S. 087 Middle Village",-73.871558,40.7115416
"787","11385","P.S. 088 Seneca",-73.8964732,40.7040438
"788","11373","P.S. 089 Elmhurst",-73.8796229,40.745942
"789","11385","P.S. 091 Richard Arkwright",-73.884159,40.7035971
"790","11385","I.S. 093 Ridgewood",-73.9028273,40.7058554
"791","11209","P.S. 102 Bayview",-74.0288313,40.6340614
"792","11222","P.S. 110",-73.9418971,40.7236099
"793","11385","P.S./I.S. 113 Anthony J. Pranzo",-73.8618268,40.7055884
"794","11385","I.S. 119 The Glendale",-73.875033,40.705198
"795","11377","I.S. 125 Thom J. McCann Woodside",-73.9186741,40.7408445
"796","11379","P.S. 128 The Lorraine Tuzzo, Juniper Valley Elemen",-73.8862676,40.7149581
"797","11368","P.S. 143 Louis Armstrong",-73.8556927,40.7555062
"798","11378","P.S. 153 Maspeth Elem",-73.9042458,40.7161348
"799","11104","P.S. 199 Maurice A. Fitzgerald",-73.9262535,40.7395501
"800","72712","Elm Tree Elementary School",-94.2499267,36.3721548
"801","11377","P.S. 229 Emanuel Kaplan",-73.897257,40.7344846
"802","11385","P.S. 239",-73.903833,40.69943
"803",NA,"A.C.E. Academy for Scholars at the Geraldine Ferra",NA,NA
"804","11385","Learners and Leaders",-73.914959,40.706955
"805","07470","Pioneer Academy",-74.2334349,40.9135579
"806","11368","Corona Arts & Sciences Academy",-73.8650938,40.7459311
"807","11368","P.S. 330",-73.8589517,40.7576723
"808","11101","Robert F. Wagner, Jr. Secondary School for Arts an",-73.9369395,40.7414438
"809","11373","The 51 Avenue Academy (The Path To Academic Excell",-73.887005,40.737207
"810","11355","P.S. 020 John Bowne",-73.8238569,40.7582036
"811","11354","P.S. 021 Edward Hart",-73.8185901,40.7741269
"812","11355","P.S. 022 Thomas Jefferson",-73.8108995,40.7617907
"813","11355","P.S. 024 Andrew Jackson",-73.8185636,40.7519808
"814","11358","I.S. 025 Adrien Block",-73.7896124,40.7650434
"815","11356","P.S. 029 Queens",-73.8429318,40.7779514
"816","11358","P.S. 032 State Street",-73.7943194,40.7650099
"817","11357","P.S. 079 Francis Lewis",-73.8173491,40.7859588
"818","11358","P.S. 107 Thomas A Dooley",-73.7991471,40.7556533
"819","11355","P.S. 120 Queens",-73.8291617,40.7452531
"820","11356","P.S. 129 Patricia Larkin",-73.8395001,40.7898625
"821","11218","P.S. 130",-73.9758478,40.648959
"822","11366","P.S. 154 Queens",-73.8075916,40.7264369
"823","11365","P.S. 163 Flushing Heights",-73.808757,40.741093
"824","11367","P.S. 164 Queens Valley",-73.8231641,40.7211586
"825","11367","P.S. 165 Edith K. Bergtraum",-73.8178101,40.7296415
"826","11360","P.S. 169 Bay Terrace",-73.7784399,40.7823459
"827","11357","P.S. 184 Flushing Manor",-73.7997479,40.7785584
"828","11354","J.H.S. 185 Edward Bleeker",-73.8184999,40.7751216
"829","11355","J.H.S. 189 Daniel Carter Beard",-73.8183114,40.7600062
"830","11357","P.S. 193 Alfred J. Kennedy",-73.8095587,40.7922813
"831","11357","J.H.S. 194 William Carr",-73.806977,40.78322
"832","11365","P.S./M.S. 200 - The Pomonok School & STAR Academy",-73.8054492,40.7310597
"833","11367","P.S. 201 The Discovery School for Inquiry and Rese",-73.8131297,40.7363381
"834","11357","P.S. 209 Clearview Gardens",-73.7950273,40.7837142
"835","11354","P.S. 214 Cadwallader Colden",-73.8284424,40.7701341
"836","11367","P.S. 219 Paul Klapper",-73.8235817,40.7358707
"837","11355","I.S. 237",-73.82141,40.7494299
"838","11366","I.S. 250 The Robert F. Kennedy Community Middle Sc",-73.80937,40.724191
"839","11366","Queens School of Inquiry, The",-73.80937,40.724191
"840","11355","East-West School of International Studies",-73.82141,40.74943
"841","11358","World Journalism Preparatory: A College Board Scho",-73.7897125,40.7648343
"842","11360","BELL Academy",-73.7786437,40.7825693
"843","11367","The Queens College School for Math, Science and Te",-73.8210376,40.7388177
"844","11427","P.S. 018 Winchester",-73.7320651,40.7321064
"845","11365","P.S. 026 Rufus King",-73.778081,40.736575
"846","11361","P.S. 031 Bayside",-73.7690116,40.7575739
"847","11361","P.S. 041 Crocheron",-73.771003,40.7700891
"848","11364","P.S. 046 Alley Pond",-73.7578671,40.7453332
"849","11362","J.H.S. 067 Louis Pasteur",-73.7344259,40.7624372
"850","11364","J.H.S. 074 Nathaniel Hawthorne",-73.7673379,40.7453734
"851","11363","P.S. 094 David D. Porter",-73.7387655,40.7713037
"852","11363","P.S. 098 The Douglaston School",-73.7496704,40.7690486
"853","11004","The James J. Ambrose School",-73.7092974,40.7438573
"854","11426","P.S. 133 Queens",-73.7176546,40.7319853
"855","11361","M.S. 158 Marie Curie",-73.7723312,40.7562328
"856","11361","P.S. 159",-73.7839769,40.770092
"857","11364","P.S. 162 John Golden",-73.7767895,40.7488905
"858","11004","Irwin Altman Middle School 172",-73.7132082,40.7417121
"859","11365","P.S. 173 Fresh Meadows",-73.7953571,40.7341231
"860","11423","P.S./ IS 178 Holliswood",-73.7770145,40.7243138
"861","11426","P.S. 186 Castlewood",-73.7214507,40.7496944
"862","11364","P.S. 188 Kingsbury",-73.7533236,40.7361834
"863","11001","P.S. 191 Mayflower",-73.7086513,40.7342879
"864","11364","P.S. 203 Oakland Gardens",-73.7599913,40.7535633
"865","11364","P.S. 205 Alexander Graham Bell",-73.7562896,40.7377612
"866","11364","P.S. 213 The Carl Ullman School",-73.7455307,40.7475096
"867","11365","J.H.S. 216 George J. Ryan",-73.7941623,40.7374147
"868","11362","P.S. 221 The North Hills School",-73.7313503,40.7586405
"869","11426","P.S./I.S. 266",-73.7282367,40.7455965
"870","11692","P.S./M.S 042 R. Vernam",-73.7946912,40.5943695
"871","11691","P.S. 043",-73.7612427,40.5942684
"872","11436","P.S. 045 Clarence Witherspoon",-73.7886884,40.6719897
"873","11693","P.S. 047 Chris Galas",-73.8207865,40.6064673
"874","11691","M.S. 053 Brian Piccolo",-73.749909,40.604018
"875","11418","P.S. 056 Harry Eichler",-73.8358643,40.6988091
"876","11421","P.S. 060 Woodhaven",-73.85279,40.691436
"877","11419","P. S. 62 - Chester Park School",-73.8358583,40.688633
"878","11417","P.S. 063 Old South",-73.8468731,40.6769178
"879","11416","P.S. 064 Joseph P. Addabbo",-73.8568997,40.6819124
"880","11417","P.S. 65 - The Raymond York Elementary School",-73.841569,40.6826536
"881","11418","P.S. 066 Jacqueline Kennedy Onassis",-73.8459904,40.6979499
"882","11418","P.S. 090 Horace Mann",-73.8392673,40.6967154
"883","10035","P.S. 096",-73.9373659,40.8000808
"884","11421","P.S. 097 Forest Park",-73.860039,40.694215
"885","11420","P.S. 100 Glen Morris",-73.8217486,40.6799007
"886","11691","P.S. 104 The Bays Water",-73.7648649,40.6080174
"887","11691","P.S. 105 The Bay School",-73.7815235,40.5959676
"888","33458","Lighthouse Elementary School",-80.107052,26.903601
"889","11420","P.S. 108 Captain Vincent G. Fowler",-73.8307249,40.6792169
"890","11694","P.S./M.S. 114 Belle Harbor",-73.8543727,40.5777034
"891","11436","P.S. 123",-73.7956329,40.6787294
"892","11420","P.S. 124 Osmond A Church",-73.8110933,40.665478
"893","10915","M.S. 137 America's School of Heroes",-73.839282,40.6784435
"894","11414","P.S. 146 Howard Beach",-73.8349319,40.6604803
"895","11420","P.S. 155",-73.8102373,40.6793007
"896","11693","P.S. 183 Dr. Richard R. Green",-73.805905,40.5894312
"897","11691","P.S. 197 The Ocean School",-73.7440001,40.5998712
"898","11417","J.H.S. 202 Robert H. Goddard",-73.8456699,40.6709381
"899","11414","P.S. 207 Rockwood Park",-73.8442491,40.6580988
"900","11416","J.H.S. 210 Elizabeth Blackwell",-73.8475173,40.6847244
"901","11434","P.S. 223 Lyndon B. Johnson",-73.7898458,40.6746918
"902","11420","J.H.S. 226 Virgil I. Grissom",-73.8170132,40.6754954
"903","11414","P.S. 232 Lindenwood",-73.8508128,40.6657725
"904","11418","P.S. 254 - The Rosa Parks School",-73.847866,40.697177
"905","11694","Channel View School for Research",-73.8234351,40.5866656
"906","11207","P.S. 273",-73.8792113,40.6582897
"907","10458","Knowledge and Power Preparatory Academy VI",-73.888666,40.8594735
"908","11420","Hawtree Creek Middle School",-73.8168509,40.6754414
"909","11421","New York City Academy for Discovery",-73.8486144,40.6915413
"910","11691","Academy of Medical Technology: A College Board Sch",-73.7639639,40.6015311
"911","11694","Waterside Children's Studio School",-73.8315906,40.5808808
"912","11694","Waterside School For Leadership",-73.8315906,40.5808808
"913","11691","Village Academy",-73.749909,40.604018
"914","11694","Scholars' Academy",-73.8251698,40.5842665
"915","11692","Goldie Maple Academy",-73.7869849,40.5942207
"916","11691","Wave Preparatory Elementary School",-73.7582473,40.5995661
"917","11433","J.H.S. 008 Richard S. Grossley",-73.7864872,40.697147
"918","11433","P.S. 040 Samuel Huntington",-73.7908673,40.6939852
"919","11433","P.S. 048 William Wordsworth",-73.796125,40.6936112
"920","11435","P.S. 050 Talfourd Lawn Elementary School",-73.8068718,40.6950814
"921","11418","P.S. 054 Hillside",-73.8244458,40.7025935
"922","11419","P.S. 055 Maure",-73.8163159,40.6935249
"923","78704","Catherine & Count Basie Middle School 72",-97.7477804,30.2598314
"924","11434","PS 80  The Thurgood Marshall Magnet School of Mult",-73.7689974,40.6731377
"925","11435","P.S. 082 Hammond",-73.8120827,40.7037543
"926","11432","P.S. Q086",-73.8035613,40.7093671
"927","11415","P.S. 099 Kew Gardens",-73.8278671,40.7103133
"928","11375","P.S. 101 School in the Gardens",-73.843379,40.715537
"929","11435","P.S. 117 J. Keld / Briarwood School",-73.8130569,40.7102309
"930","11420","P.S. 121 Queens",-73.8155423,40.6838583
"931","11374","P.S. 139 Rego Park",-73.862551,40.727995
"932","11434","P.S. 140 Edward K Ellington",-73.7810179,40.6873644
"933","11375","P.S. 144 Col Jeromus Remsen",-73.8467489,40.713449
"934","11374","J.H.S. 157 Stephen A. Halsey",-73.85295,40.7323207
"935","11435","P.S. 160 Walter Francis Bishop",-73.7996345,40.6884311
"936","11419","P.S. 161 Arthur Ashe School",-73.8209924,40.6904451
"937","11375","Metropolitan Expeditionary Learning School",-73.8556713,40.708521
"938","11374","P.S. 174 William Sidney Mount",-73.861471,40.720572
"939","11374","P.S. 175 The Lynn Gross Discovery School",-73.8525954,40.7309036
"940","11432","P.S. 182 Samantha Smith",-73.8030945,40.7066306
"941","11375","J.H.S. 190 Russell Sage",-73.8517411,40.723267
"942","11375","P.S. 196 Grand Central Parkway",-73.8377256,40.722976
"943","11374","P.S. 206 The Horace Harding School",-73.8609732,40.7341164
"944","11435","J.H.S. 217 Robert A. Van Wyck",-73.8118746,40.7105094
"945","11375","P.S. 220 Edward Mandel",-73.8518454,40.7365
"946","11433","York Early College Academy",-73.7866629,40.6971533
"947","11433","The Emerson School",-73.7869386,40.6970945
"948","11432","Queens Collegiate: A College Board School",-73.7979008,40.7141939
"949","91360","Redwood Middle School",-118.8839607,34.1977288
"950","11434","The Jermaine L. Green STEM Institute of Queens",-73.7744566,40.6797883
"951","11432","M.S. 358",-73.7982612,40.7083272
"952","11432","Queens Gateway to Health Sciences Secondary School",-73.8058922,40.7184027
"953","11432","Young Women's Leadership School, Queens",-73.8041518,40.7083882
"954","12115","P.S. 015 Jackie Robinson",-73.7568074,40.6859976
"955","11428","P.S. 033 Edward M. Funk",-73.73409,40.727164
"956","11412","P.S. 034 John Harvard",-73.7375458,40.7109499
"957","11423","P.S. 035 Nathaniel Woodhull",-73.7688809,40.713433
"958","11412","P.S. 036 Saint Albans School",-73.7639356,40.6912343
"959","11434","Cynthia Jenkins School",-73.7585879,40.6761819
"960","13521","P.S. 038 Rosedale",-73.733627,40.6710786
"961","11434","P.S. 052 Queens",-73.7668134,40.6613327
"962","11413","I.S. 059 Springfield Gardens",-73.7530444,40.6818878
"963","11432","P.S. 095 Eastwood",-73.783282,40.711288
"964","11428","Jean Nuzzi Intermediate School",-73.7466799,40.7206262
"965","11433","P.S./I.S. 116 William C. Hughley",-73.781827,40.7006721
"966","11412","P.S. 118 Lorraine Hansberry",-73.7653753,40.7034424
"967","11432","P.S. 131 Abigail Adams",-73.7938463,40.7170794
"968","11413","P.S. 132 Ralph Bunche",-73.7496016,40.6820343
"969","11412","P.S. 134 Hollis",-73.7548656,40.7078275
"970","11427","The Bellaire School",-73.757595,40.720849
"971","11412","P.S. 136 Roy Wilkins",-73.7525269,40.6985837
"972","25111","P.S./M.S. 138 Sunrise",-73.7344343,40.6599832
"973","11411","P.S./M.S. 147 Ronald McNair",-73.740151,40.698026
"974","11413","P.S. 156 Laurelton",-73.7431888,40.6721483
"975","11411","P.S. 176 Cambria Heights",-73.7296386,40.6845478
"976","11413","P.S. 181 Brookfield",-73.7528421,40.6560037
"977","11412","I.S. 192 The Linden",-73.7527082,40.7057537
"978","11422","P.S. 195 William Haberle",-73.7351194,40.6527723
"979","11426","P.S./I.S. 208",-73.7273748,40.7442763
"980","11423","I.S. 238 - Susan B. Anthony Academy",-73.7798782,40.7127681
"981","11413","P.S. 251 Queens",-73.7598309,40.6650286
"982","11412","Pathways College Preparatory School: A College Boa",-73.7528605,40.7052059
"983","11433","P.S./I.S. 268",-73.785239,40.7076726
"984","11422","The Gordon Parks School",-73.7362473,40.6750479
"985","11413","Preparatory Academy for Writers: A College Board S",-73.7580558,40.6679692
"986","11413","Queens United Middle School",-73.7430103,40.672716
"987","11428","P.S./I.S. 295",-73.7315386,40.7207572
"988","11434","Eagle Academy for Young Men III",-73.7784977,40.691249
"989","11413","Collaborative Arts Middle School",-73.7591145,40.6649723
"990","11413","Community Voices Middle School",-73.7591252,40.6648543
"991","11370","P.S. 002 Alfred Zimberg",-73.8942583,40.7700942
"992","11103","I.S. 010 Horace Greeley",-73.9124374,40.7593674
"993","11377","P.S. 011 Kathryn Phelan",-73.9093442,40.7456964
"994","11102","P.S. 017 Henry David Thoreau",-73.9231647,40.7679585
"995","11372","P.S. 069 Jackson Heights",-73.888449,40.748779
"996","11103","P.S. 070",-73.9141534,40.7618611
"997","11106","P.S. 076 William Hallet",-73.9413855,40.7606857
"998","11109","P.S./I.S. 78Q",-73.9576657,40.7444645
"999","11105","P.S. 084 Steinway",-73.906108,40.7711822
"1000","11105","P.S. 085 Judge Charles Vallone",-73.9148429,40.7730089
"1001","11368","P.S. 092 Harry T. Stewart Sr.",-73.8687551,40.7561516
"1002","11101","P.S. 111 Jacob Blackwell",-73.9392371,40.7585496
"1003","11101","P.S. 112 Dutch Kills",-73.9339221,40.7572171
"1004","11105","P.S. 122 Mamie Fay",-73.9160466,40.7802866
"1005","11106","Albert Shanker School for Visual and Performing Ar",-73.929966,40.766038
"1006","11369","P.S. 127 Aerospace Science Magnet School",-73.871344,40.7648949
"1007","11105","I.S. 141 The Steinway",-73.9045733,40.7756029
"1008","11372","I.S. 145 Joseph Pulitzer",-73.8871795,40.7540978
"1009","11369","P.S. 148 Queens",-73.878619,40.7576279
"1010","11372","P.S. 149 Christa Mcauliffe",-73.874204,40.7552247
"1011","11104","P.S. 150 Queens",-73.9234717,40.7455535
"1012","11377","P.S. 151 Mary D. Carter",-73.9081959,40.7576102
"1013","11377","P.S. 152 Gwendoline N. Alleyne School",-73.9003875,40.7529463
"1014","10024","P.S. 166 Henry Gradstein",-73.9724552,40.788883
"1015","11102","P.S. 171 Peter G. Van Alst",-73.9290833,40.7709117
"1016","11106","I.S. 204 Oliver W. Holmes",-73.9329569,40.7565461
"1017","11369","I.S. 227 Louis Armstrong",-73.8745889,40.7579741
"1018","11372","I.S. 230",-73.8929592,40.75265
"1019","10007","P.S. 234",-74.0116047,40.7160283
"1020","11102","Academy for New Americans",-73.9232147,40.7668892
"1021","11372","P.S. 280",-73.8738653,40.753955
"1022","11102","Young Women's Leadership School, Astoria",-73.924167,40.7712552
"1023","11101","Hunters Point Community Middle School",-73.9595117,40.7429362
"1024","11102","The 30th Avenue School (G&T Citywide)",-73.9227536,40.7682591
"1025","11369","East Elmhurst Community School",-73.871961,40.7616631
"1026","11106","Baccalaureate School for Global Education",-73.9269736,40.7551568
"1027","10307","P.S. 001 Tottenville",-74.244025,40.5088346
"1028","10306","I.S. R002 George L. Egbert",-74.1007129,40.5771853
"1029","10309","P.S. 003 The Margaret Gioiosa School",-74.2116218,40.5206198
"1030","10312","P.S. 004 Maurice Wollin",-74.195516,40.5523733
"1031","10312","P.S. 005 Huguenot",-74.1876823,40.5296379
"1032","10307","P.S. 6 Corporal Allan F. Kivlehan School",-74.2304292,40.5102741
"1033","10312","I.S. 007 Elias Bernstein",-74.1862893,40.5232568
"1034","10308","P.S. 8 Shirlee Solomon",-74.1523012,40.547529
"1035","10304","Naples Street Elementary School",-74.0911136,40.6023611
"1036","10304","P.S. 11 Thomas Dongan School",-74.0979355,40.5907446
"1037","10305","P.S. 013 M. L. Lindemeyer",-74.0693025,40.6129942
"1038","10301","P.S. 016 John J. Driscoll",-74.0792803,40.6397178
"1039","10310","P.S. 018 John G. Whittier",-74.117384,40.6368361
"1040","10310","P.S. 019 The Curtis School",-74.1268879,40.630563
"1041","10302","P.S. 020 Port Richmond",-74.1325289,40.6366649
"1042","10303","P.S. 21 Margaret Emery-Elm Park",-74.1447209,40.6312072
"1043","10303","P.S. 022 Graniteville",-74.1506484,40.6249594
"1044","10306","P.S. 023 Richmondtown",-74.1334719,40.5705843
"1045","10308","I.S. 024 Myra S. Barnes",-74.1455611,40.5457934
"1046","10314","P.S. 026 The Carteret School",-74.1901861,40.5915399
"1047","10310","I.S. 027 Anning S. Prall",-74.117886,40.627848
"1048","10304","The Eagle Academy for Young Men of Staten Island",-74.0815078,40.6205189
"1049","10314","P.S. 029 Bardwell",-74.1163015,40.6138838
"1050","10314","P.S. 030 Westerleigh",-74.133119,40.6179512
"1051","10301","P.S. 031 William T. Davis",-74.0854361,40.6418383
"1052","10308","P.S. 032 The Gifford School",-74.1550063,40.5586832
"1053","10307","I.S. 034 Tottenville",-74.2433255,40.5080751
"1054","10301","P.S. 35 The Clove Valley School",-74.0989589,40.6135779
"1055","10312","P.S. 036 J. C. Drumgoole",-74.1828036,40.5430821
"1056","10306","P.S. 038 George Cromwell",-74.099425,40.574938
"1057","10305","P.S. 39 Francis J. Murphy Jr.",-74.0701722,40.59787
"1058","10306","The Stephanie A. Vierno School",-74.1091347,40.5739028
"1059","10312","P.S. 042 Eltingville",-74.1695327,40.5522419
"1060","10303","P.S. 044 Thomas C. Brown",-74.1569886,40.6316689
"1061","10310","P.S. 045 John Tyler",-74.1072884,40.6284196
"1062","10305","P.S. 046 Albert V. Maniscalco",-74.0804863,40.5943791
"1063","10304","P.S. 048 William G. Wilcox",-74.0918585,40.6028304
"1064","10304","I.S. 49 Berta A. Dreyfus",-74.0809647,40.6202996
"1065","10306","P.S. 050 Frank Hankinson",-74.1246633,40.5615373
"1066","10302","I.S. 051 Edwin Markham",-74.1445227,40.6229743
"1067","10305","P.S. 052 John C. Thompson",-74.0886964,40.5824372
"1068","10308","The Barbara Esselborn School",-74.1373971,40.5517822
"1069","10314","P.S. 054 Charles W. Leng",-74.1378314,40.6028087
"1070","10312","P.S. 055 Henry M. Boehm",-74.1635459,40.5364146
"1071","10309","P.S. 56 The Louis Desario School",-74.2139675,40.5419596
"1072","10304","P.S. 057 Hubert H. Humphrey",-74.0835263,40.611093
"1073","10314","Space Shuttle Columbia School",-74.1607966,40.5831975
"1074","10301","The Harbor View School",-74.0833747,40.6475193
"1075","10314","P.S. 060 Alice Austen",-74.1623365,40.6104845
"1076","10301","I.S. 061 William A Morris",-74.097992,40.634527
"1077","10314","Marsh Avenue School for Expeditionary Learning",-74.1588842,40.5817795
"1078","10301","P.S. 65 The Academy of Innovative Learning",-74.0784504,40.633738
"1079","10314","P.S. 069 Daniel D. Tompkins",-74.15739,40.5912425
"1080","10314","I.S. 072 Rocco Laurie",-74.1590388,40.5926924
"1081","10301","P.S. 74 Future Leaders Elementary School",-74.0796014,40.6388043
"1082","10312","I.S. 075 Frank D. Paulo",-74.1975219,40.5443607
"1083","10304","P.S. 78",-74.079009,40.6222431
"1084","10301","The Michael J. Petrides School",-74.1055942,40.6081534
"1085","10314","Staten Island School of Civic Leadership",-74.164432,40.620326
"1086","11207","P.S./I.S. 045 Horace E. Greene",-73.910452,40.68639
"1087","11221","P.S. 075 Mayda Cortiella",-73.9215153,40.6933407
"1088","11237","P.S. 086 The Irvington",-73.9176601,40.7007483
"1089","11238","P.S. 106 Edward Everett Hale",-73.9130113,40.6939298
"1090","11237","P.S. 116 Elizabeth L Farrell",-73.9164958,40.6980563
"1091","11237","P.S. 123 Suydam",-73.9225744,40.7039048
"1092","11206","P.S. 145 Andrew Jackson",-73.9322329,40.7016568
"1093","11207","P.S. 151 Lyndon B. Johnson",-73.9082333,40.6933707
"1094","11237","J.H.S. 162 The Willoughby",-73.9196324,40.7067061
"1095","11221","P.S. 274 Kosciusko",-73.9278137,40.694642
"1096","11221","J.H.S. 291 Roland Hayes",-73.9154362,40.6956173
"1097","11221","P.S. 299 Thomas Warren Field",-73.9178498,40.6909968
"1098","11221","I.S. 347 School of Humanities",-73.927349,40.7009806
"1099","11221","I.S. 349 Math, Science & Tech.",-73.9275874,40.7008178
"1100","11237","P.S. 376",-73.920166,40.698048
"1101","11221","P.S. 377 Alejandrina B. De Gautier",-73.9148786,40.6938167
"1102","11237","J.H.S. 383 Philippa Schuyler",-73.9195311,40.6976342
"1103","11207","P.S. /I.S. 384 Frances E. Carter",-73.9049262,40.6900462
"1104","11237","All City Leadership Secondary School",-73.9130973,40.6975906
"1105","11207","Evergreen Middle School for Urban Exploration",-73.9103546,40.6889301
"1106","11206","Beginning with Children Charter School II",-73.9529118,40.7039075
"1107","11206","Success Academy Charter School - Bed-Stuy 2",-73.9433424,40.6977036
"1108","11201","Success Academy Charter School - Cobble Hill",-73.9934267,40.6852808
"1109","11211","Success Academy Charter School - Williamsburg",-73.9597817,40.7116813
"1110","11238","Explore Exceed Charter School",-73.9596089,40.6767871
"1111","11211","Williamsburg Collegiate Charter School",-73.9620195,40.7059027
"1112","11203","Achievement First Crown Heights Charter School",-73.9361667,40.6622324
"1113","11213","KIPP AMP Charter School",-73.937315,40.6717781
"1114","11207","Achievement First East New York Charter School",-73.8932587,40.6637837
"1115","11213","Launch Expeditionary Learning Charter School",-73.9349483,40.6758758
"1116","11215","Hellenic Classical Charter School",-73.9921057,40.6629625
"1117","11206","Success Academy Charter School - Bed-Stuy 1",-73.9473094,40.6967257
"1118","11236","Explore Excel Charter School",-73.910731,40.6352811
"1119","11208","Invictus Preparatory Charter School",-73.87447,40.670162
"1120","11233","EMBER Charter School for Mindful Education, Innova",-73.9303683,40.683088
"1121","11238","Achievement First Endeavor Charter School",-73.965849,40.6823171
"1122","11216","Leadership Prep Bedford Stuyvesant Uncommon Prep C",-73.9455003,40.6818439
"1123","11205","Community Roots Charter School",-73.9778888,40.6951434
"1124","11207","Achievement First Bushwick Charter School",-73.9102637,40.6889123
"1125","11233","Excellence Boys Charter School",-73.9259532,40.6834471
"1126","11212","Kings Collegiate Charter School",-73.9203827,40.6579108
"1127","11233","Achievement First Brownsville Charter School",-73.9130392,40.6742954
"1128","11221","Bedford Stuyvesant Collegiate Charter School",-73.9320354,40.6877135
"1129","11221","La Cima Charter School",-73.9324248,40.6882059
"1130","11231","PAVE Academy Charter School",-74.0036099,40.6758146
"1131","11212","Brooklyn Ascend Charter School",-73.9207031,40.6620556
"1132","11208","Achievement First Aspire Charter School",-73.8762518,40.6660136
"1133","11222","Citizens of the World Charter School 1 Williamsbur",-73.948026,40.719655
"1134","11222","Citizens of the World Charter School New York 2 Cr",-73.948026,40.719655
"1135","11221","Brooklyn Charter School",-73.947374,40.69428
"1136","11238","Community Partnership Charter School",-73.9610291,40.6885081
"1137","11226","Explore Charter School",-73.9514618,40.6563887
"1138","11218","Brooklyn Prospect Charter School",-73.9785505,40.6480264
"1139","11212","Brownsville Collegiate Charter School",-73.9051131,40.6686541
"1140","11212","Leadership Preparatory Brownsville Charter School",-73.9066707,40.6557783
"1141","11221","Excellence Girls Charter School",-73.924649,40.688325
"1142","11236","Leadership Prep Canarsie Charter School (Leadershi",-73.8925788,40.6441584
"1143","11231","Summit Academy Charter School",-74.0047002,40.6775869
"1144","11221","Brooklyn Excelsior Charter School",-73.9252836,40.6896644
"1145","11236","New American Academy Charter School",-73.9140211,40.6514306
"1146","11212","Brownsville Ascend Charter School",-73.9177939,40.6689076
"1147","11208","Brooklyn Scholars Charter School",-73.8672884,40.6690758
"1148","11225","Success Academy Crown Heights (Brooklyn 7)",-73.9492497,40.6659205
"1149","11213","Explore Empower Charter School",-73.9283085,40.6729354
"1150","11214","Coney Island Preparatory Public Charter School",-73.9938545,40.5943989
"1151","11234","Hebrew Language Academy Charter School",-73.9137938,40.6124164
"1152","11205","Success Academy Fort Greene (Brooklyn 5)",-73.9760714,40.6967347
"1153","11216","Success Academy Prospect Heights (Brooklyn 6)",-73.9513952,40.6739449
"1154","11221","Unity Prep Charter School",-73.9409238,40.6862075
"1155","11215","Brooklyn Urban Garden Charter School",-73.982717,40.656319
"1156","11236","Canarsie Ascend Charter School",-73.900845,40.6441382
"1157","11207","Hyde Leadership Charter School- Brooklyn",-73.8977918,40.6675227
"1158","11204","Success Academy Charter School - Bensonhurst - New",-73.984977,40.6077742
"1159","11208","Achievement First Apollo Charter School",-73.8838226,40.6768151
"1160","11212","Leadership Preparatory Ocean Hill Charter School",-73.9062253,40.6723332
"1161","11233","Ocean Hill Collegiate Charter School",-73.9159194,40.6780824
"1162","11216","Brooklyn East Collegiate Charter School",-73.9483771,40.6844639
"1163","11234","Success Academy Charter School - Bergen Beach - Ne",-73.9130591,40.6208007
"1164","11206","Bedford Stuyvesant New Beginnings Charter School",-73.9375226,40.6946973
"1165","11221","Achievement First North Brooklyn Prep Charter Scho",-73.9148784,40.693814
"1166","11207","Imagine Me Leadership Charter School",-73.8834805,40.6600427
"1167","11207","Achievement First Linden Elementary School",-73.8854503,40.659713
"1168","91361","Compass Charter School",-118.8308908,34.1556951
"1169","11226","Central Brooklyn Ascend Charter School",-73.9491267,40.6391525
"1170","11230","Brooklyn Dreams Charter School",-73.9699308,40.6322706
"1171","11212","The Cultural Arts Academy at Spring Creek Charter",-73.9081989,40.6541349
"1172","11237","Bushwick Ascend Charter School",-73.9090912,40.693728
"1173","64126","New Hope Academy Charter School",-94.5043682,39.0995608
"1174","11216","Brooklyn LABCharter School",-73.9441579,40.6781784
"1175","11207","Collegiate Academy for Math and Personal Awareness",-73.8891795,40.6587785
"1176","11226","Achievement First Voyager Charter School",-73.9542022,40.6562014
"1177","11201","Brooklyn Prospect Charter School Downtown",-73.985512,40.691933
"1178","10027","Democracy Prep Endurance Charter School",-73.9490765,40.8107449
"1179","10032","KIPP Washington Heights Middle School",-73.9357661,40.8394015
"1180","10002","Manhattan Charter School II",-73.9860332,40.7134455
"1181","10037","Global Community Charter School",-73.9355403,40.8169409
"1182","10030","Neighborhood Charter School of Harlem",-73.9452374,40.8236876
"1183","10029","East Harlem Scholars Academy Charter School II",-73.9489045,40.7935196
"1184","10019","Success Academy Hell's Kitchen (Manhattan 2)",-73.9908346,40.7639993
"1185","10003","Success Academy Union Square (Manhattan 1)",-73.9870812,40.7353237
"1186","10026","Harlem Hebrew Language Charter School",-73.953075,40.804844
"1187","19801","Great Oaks Charter School",-75.5440678,39.7467602
"1188","10029","Capital Preparatory (CP) Harlem Charter School",-73.9509312,40.7915706
"1189","10004","New York City Charter School of the Arts",-74.0128882,40.7054423
"1190","10040","Success Academy Charter School - Washington Height",-73.9356386,40.857947
"1191","10026","The Opportunity Charter School",-73.955707,40.8014375
"1192","10027","Harlem Children's Zone Promise Academy 1 Charter S",-73.9482207,40.8124461
"1193","10033","School in the Square Public Charter School",-73.9361609,40.8487742
"1194","10002","Manhattan Charter School",-73.9840825,40.7182302
"1195","10026","Harlem Link Charter School",-73.9503374,40.7983501
"1196","10002","Girls Preparatory Charter School of New York",-73.9773763,40.7198704
"1197","10035","Harlem Village Academy Leadership Charter School",-73.9335157,40.7992477
"1198","10031","KIPP Infinity Charter School",-73.9566639,40.8201256
"1199","10035","Harlem Children's Zone Promise Academy II Charter",-73.9385608,40.806962
"1200","10027","Democracy Prep Charter School",-73.9490765,40.8107449
"1201","10026","Success Academy Charter School - Harlem 1",-73.9485575,40.8031323
"1202","10031","New Heights Academy Charter School",-73.9454018,40.8286152
"1203","10029","DREAM Charter School",-73.9449297,40.7884282
"1204","10035","Success Academy Charter School - Harlem 2",-73.9354839,40.805584
"1205","10029","Success Academy Charter School - Harlem 3",-73.9420076,40.7850266
"1206","10026","Success Academy Charter School - Harlem 4",-73.9554071,40.8016724
"1207","10030","St. HOPE Leadership Academy Charter School",-73.9456887,40.8150422
"1208","10040","The Equity Project Charter School (TEP)",-73.9264755,40.8567481
"1209","10034","Inwood Academy for Leadership Charter School",-73.920884,40.8690084
"1210","10030","Democracy Prep Harlem Charter School",-73.945122,40.814412
"1211","10030","Success Academy Charter School - Harlem 5",-73.9444568,40.820192
"1212","10027","New York French American Charter School",-73.9542236,40.807548
"1213","10029","East Harlem Scholars Academy Charter School",-73.9489045,40.7935196
"1214","10024","Success Academy Charter School - Upper West",-73.9743866,40.7859486
"1215","10026","Sisulu-Walker Charter School of Harlem",-73.95139,40.8020612
"1216","10029","Harbor Science and Arts Charter School",-73.9445276,40.7955411
"1217","10029","Amber Charter School",-73.94376,40.791158
"1218","10035","Harlem Prep Charter School",-73.9349978,40.8015382
"1219","10027","Harlem Village Academy Charter School",-73.9456002,40.8067082
"1220","10031","KIPP STAR College Prep Charter School",-73.9567465,40.8197016
"1221","10027","Future Leaders Institute Charter School",-73.948335,40.806174
"1222","11373","Central Queens Academy Charter School",-73.8662996,40.7372968
"1223","11691","Peninsula Preparatory Academy Charter School",-73.7524284,40.6011015
"1224","11379","Middle Village Prep Charter School",-73.8884478,40.710648
"1225","11106","VOICE Charter School of New York",-73.9397129,40.7603966
"1226","11101","Growing Up Green Charter School",-73.935839,40.7531104
"1227","11422","Success Academy Charter School - Rosedale - New Yo",-73.7384875,40.6555266
"1228","11413","Success Academy Charter School - Springfield Garde",-73.7530444,40.6818878
"1229","11691","Challenge Preparatory Charter School",-73.7638739,40.6002356
"1230","11412","Riverton Street Charter School",-73.7635406,40.6893477
"1231","11434","Rochdale Early Advantage Charter School",-73.7782019,40.679723
"1232","11377","Academy of the City Charter School",-73.9025043,40.7569185
"1233","11369","Forte Preparatory Academy Charter School",-73.861564,40.759286
"1234","11413","Merrick Academy - Queens Public Charter School",-73.753072,40.6761599
"1235","67301","Renaissance Charter School",-95.712891,37.09024
"1236","11106","Our World Neighborhood Charter School",-73.9240685,40.7558271
"1237","10314","John W. Lavelle Preparatory Charter School",-74.1797089,40.605437
"1238","10302","New World Preparatory Charter School",-74.1369043,40.6395336
"1239","10457","Children's Aid College Prep Charter School",-73.8900634,40.8438503
"1240","10457","Icahn Charter School 6",-73.8984918,40.8412417
"1241","10465","Grand Concourse Charter School",-73.8385163,40.8257927
"1242","10456","Mott Hall Charter School",-73.9023857,40.8308954
"1243","10459","Bronx Lighthouse Charter School",-73.897151,40.8234049
"1244","10454","Family Life Academy Charter School II",-73.925171,40.811574
"1245","10462","Bronx Charter School for Excellence",-73.858526,40.834019
"1246","10454","Heketi Community Charter School",-73.9097556,40.8092926
"1247","10454","South Bronx Charter School for International Cultu",-73.9177578,40.8029008
"1248","10474","Hyde Leadership Charter School",-73.8855307,40.8155695
"1249","10459","South Bronx Classical Charter School",-73.894038,40.822084
"1250","10473","Icahn Charter School 7",-73.877255,40.822513
"1251","10454","South Bronx Classical Charter School II",-73.925479,40.808126
"1252","10462","Icahn Charter School 2",-73.8583367,40.8451798
"1253","10456","Success Academy Charter School - Bronx 3",-73.9137728,40.8277475
"1254","10454","Brilla College Prep Charter School",-73.9193,40.8128
"1255","10451","Bronx Global Learning Institute for Girls Charter",-73.9226719,40.8230431
"1256","10454","Mott Haven Academy Charter School",-73.9209724,40.8064323
"1257","10467","Bronx Community Charter School",-73.8748472,40.8726353
"1258","10454","Bronx Charter School for Children",-73.9200569,40.8126686
"1259","10452","Bronx Academy of Promise Charter School",-73.9198302,40.839576
"1260","10461","Icahn Charter School 3",-73.8425751,40.8567898
"1261","10463","Atmosphere Charter School",-73.910245,40.8751344
"1262","10452","Metropolitan Lighthouse Charter School",-73.930178,40.834265
"1263","10473","Success Academy Charter School - Bronx 4 - New Yor",-73.8599108,40.8232821
"1264","10451","Boys Preparatory Charter School of New York",-73.9271673,40.8201916
"1265","10454","American Dream Charter School",-73.9172096,40.8091321
"1266","10454","Family Life Academy Charter School III",-73.925171,40.811574
"1267","10456","Dr. Richard Izquierdo Health and Science Charter S",-73.9005875,40.8273541
"1268","10455","Girls Preparatory Charter School of the Bronx",-73.9016604,40.8156753
"1269","10473","The Equality Charter School",-73.8495502,40.8212146
"1270","10454","Academic Leadership Charter School",-73.912743,40.8076622
"1271","10455","South Bronx Early College Academy Charter School",-73.904257,40.8179658
"1272","10451","Success Academy Charter School - Bronx 1",-73.925921,40.8136662
"1273","10456","Success Academy Charter School - Bronx 2",-73.9049407,40.8360107
"1274","10461","Icahn Charter School 4",-73.8431469,40.8567753
"1275","10461","Icahn Charter School 5",-73.8431469,40.8567753
"1276","10454","New York City Montessori Charter School",-73.9217456,40.8089129
"1277","10454","Legacy College Preparatory",-73.919873,40.8132427
"1278","10457","Bronx Preparatory Charter School",-73.900106,40.8389683
"1279","10451","KIPP Academy Charter School",-73.923794,40.821482
"1280","10454","Family Life Academy Charter School",-73.925171,40.811574
"1281","70114","Harriet Tubman Charter School",-90.0364131,29.9446165
"1282","10461","Icahn Charter School",-73.8431469,40.8567753
"1283","10466","Bronx Charter School for Better Learning",-73.839263,40.884355
"1284","10474","Bronx Charter School for the Arts",-73.886463,40.821798
"1285","10023","P.S. 191 Amsterdam",-73.9900988,40.7728095
"1286","10026","P.S. 208 Alain L. Locke",-73.9503528,40.7982373
"1287","10025","M.S. 256 Academic & Athletic Excellence",-73.9710114,40.7914178
"1288","10031","P.S. 325",-73.9530544,40.821053
"1289","11237","J.H.S. 162 Lola Rodriguez De Tio",-73.9196324,40.7067061
"1290","10454","M.S. 223 The Laboratory School of Finance and Tech",-73.920879,40.813829
"1291","10459","P.S. 333 - The Museum School",-73.8986342,40.8201293
"1292","66218","The Academy of the Arts",-94.8219306,39.0306857
"1293","10456","J.H.S. 145 Arturo Toscanini",-73.9141914,40.8278692
"1294","10458","P.S. 205 Fiorello Laguardia",-73.8813809,40.8557124
"1295","10469","The Young Scholars Academy of The Bronx",-73.8601549,40.880634
"1296","11201","Digital Arts and Cinema Technology High School",-73.9943356,40.6851261
"1297","11213","M.S. 584",-73.9283126,40.6744514
"1298","11203","School for Democracy and Leadership",-73.943838,40.658665
"1299","77836","Essence School",-96.7133722,30.5238479
"1300","11434","P.S. 80 The Thurgood Marshall Magnet School of Mul",-73.7689974,40.6731377
"1301","11221","Teaching Firms of America-Professional Preparatory",-73.9358808,40.6880902
"1302","10463","Tech International Charter School",-73.907099,40.8807085
"1303","10002","P.S. 137 John L. Bernstein",-73.9832907,40.7144062
"1304","10002","Henry Street School for International Studies",-73.9860332,40.7134455
"1305","10002","Collaborative Academy of Science, Technology, & La",-73.9860332,40.7134455
"1306","10029","Global Neighborhood Secondary School",-73.9417246,40.7924857
"1307","10027","I.S. M286 Renaissance Leadership Academy",-73.9555548,40.8154805
"1308","10027","The Urban Assembly Institute for New Technologies",-73.9557745,40.8156813
"1309",NA,"M.S. 326 - Writers Today & Leaders Tomorrow",NA,NA
"1310","10003","M.S. 328 - Manhattan Middle School for Scientific",-73.9901801,40.729898
"1311",NA,"Performance School",-79.8381196,43.3407406
"1312","11210","P.S. 119",-73.9389788,40.6259787
"1313","10465","Urban Assembly Academy of Civic Engagement",-73.8182885,40.8269794
"1314","10452","P.S. 064 Pura Belpre",-73.9157339,40.8403492
"1315","10453","P.S. 230 Dr Roland N. Patterson",-73.9206428,40.8531815
"1316","10467","Globe School for Environmental Research",-73.8605855,40.8808122
"1317","10467","The Forward School",-73.8605855,40.8808122
"1318","07079","School of Diplomacy",-74.2484761,40.7415622
"1319","10460","P.S. 050 Clara Barton",-73.8871899,40.834243
"1320","11201","Satellite West Middle School",-73.9814161,40.701462
"1321","11205","M.S. 596 Peace Academy",-73.9585363,40.6920437
"1322","11206","The School for the Urban Environment",-73.9473055,40.6968241
"1323","10029","P.S. 146",-73.9388211,40.7894561
"1324","11201","Brooklyn School for Global Studies",-73.9943356,40.6851261
"1325","11201","School for International Studies",-73.9937004,40.6849801
"1326","11221","School of Business, Finance and Entrepreneurship",-73.9332445,40.6916192
"1327","11221","Upper School @ P.S. 25",-73.9407123,40.6914389
"1328","11206","Young Scholars' Academy for Discovery and Explorat",-73.9410137,40.6938075
"1329","10028","P.S. 006",-73.960337,40.7777376
"1330","11213","P.S. 167 The Parkway",-73.9343431,40.669441
"1331","11213","Middle School for Academic and Social Excellence",-73.9372221,40.6723193
"1332","11207","P.S. 174 Dumont",-73.8976406,40.6655567
"1333","11233","P.S. 073 Thomas S. Boyland",-73.910768,40.6805288
"1334","11212","P.S. 284 Lew Wallace",-73.9075529,40.6669333
"1335","11368","Corona Arts and Sciences Academy",-73.8650938,40.7459311
"1336","11004","P.S. 115 The James J. Ambrose School",-73.7092974,40.7438573
"1337","10462","P.S. 106",-73.8550466,40.8373275
"1338","11434","P.S. 354",-73.7744566,40.6797883
"1339","10308","P.S. 053 The Barbara Esselborn School",-74.1373971,40.5517822
"1340","11221","Bedford Stuyvesant Collegiate -Uncommon Collegiate",-73.9320354,40.6877135
"1341","11206","Beginning With Children Charter School",-73.9529118,40.7039075
"1342","11226","Fahari Academy Charter School",-73.9530456,40.6483682
"1343","11226","Lefferts Gardens Charter School",-73.9537894,40.6562316
"1344","10304","Staten Island Community Charter School",-74.081186,40.6302267
